,Unnamed: 0.1,Unnamed: 0,country,density,abbreviation,agricultural_land(_%),birth_rate,calling_code,capital/major_city,cpi,cpi_change_,currency-code,fertility_rate,forested_area_,gasoline_price,gross_primary_education_enrollment_,gross_tertiary_education_enrollment_,infant_mortality,largest_city,life_expectancy,maternal_mortality_ratio,minimum_wage,official_language,out_of_pocket_health_expenditure,physicians_per_thousand,population_labor_force_participation_,tax_revenue_,total_tax_rate,unemployment_rate,tax_density_ratio
0,0,0,Afghanistan,60.0,AF,58.1,32.49,93.0,Kabul,149.9,2.3,AFN,4.47,2.1,0.7,104.0,9.7,47.9,Kabul,64.5,638.0,0.43,Pashto,78.4,0.28,48.9,9.3,71.4,11.12,1.1900000000000002
1,1,1,Albania,105.0,AL,43.1,11.78,355.0,Tirana,119.05,1.4,ALL,1.62,28.1,1.36,107.0,55.0,7.8,Tirana,78.5,15.0,1.12,Albanian,56.9,1.2,55.7,18.6,36.6,12.33,0.3485714285714286
2,2,2,Algeria,18.0,DZ,17.4,24.28,213.0,Algiers,151.36,2.0,DZD,3.02,0.8,0.28,109.9,51.4,20.1,Algiers,76.7,112.0,0.95,Arabic,28.1,1.72,41.2,37.2,66.1,11.7,3.672222222222222
3,3,3,Andorra,164.0,AD,40.0,7.2,376.0,Andorra la Vella,144.19359999999998,6.722346368715083,EUR,1.27,34.0,1.51,106.4,37.96338797814208,2.7,Andorra la Vella,72.27967914438503,53.0,6.63,Catalan,36.4,3.33,62.73806818181818,16.57396449704142,40.822404371584696,6.886363636363637,1.3822105326959924
4,4,4,Angola,26.0,AO,47.5,40.73,244.0,Luanda,261.73,17.1,AOA,5.52,46.3,0.97,113.5,9.3,51.6,Luanda,60.8,241.0,0.71,Portuguese,33.4,0.21,77.5,9.2,49.1,6.89,1.8884615384615384
5,5,5,Antigua and Barbuda,223.0,AG,20.5,15.33,1.0,"St. John's, Saint John",113.81,1.2,XCD,1.99,22.3,0.99,105.0,24.8,5.0,"St. John's, Saint John",76.9,42.0,3.04,English,24.3,2.76,62.73806818181818,16.5,43.0,6.886363636363637,0.1928251121076233
6,6,6,Argentina,17.0,AR,54.3,17.02,54.0,Buenos Aires,232.75,53.5,ARS,2.26,9.8,1.1,109.7,90.0,8.8,Buenos Aires,76.5,39.0,3.35,Spanish,17.6,3.96,61.3,10.1,106.3,9.79,6.252941176470588
7,7,7,Armenia,104.0,AM,58.9,13.99,374.0,Yerevan,129.18,1.4,AMD,1.76,11.7,0.77,92.7,54.6,11.0,Yerevan,74.9,26.0,0.66,Armenian,81.6,4.4,55.6,20.9,22.6,16.99,0.2173076923076923
8,8,8,Australia,3.0,AU,48.2,12.6,61.0,Canberra,119.8,1.6,AUD,1.74,16.3,0.93,100.3,113.1,3.1,Sydney,82.7,6.0,13.59,English,19.6,3.68,65.5,23.0,47.4,5.27,15.8
9,9,9,Austria,109.0,AT,32.4,9.7,43.0,Vienna,118.06,1.5,EUR,1.47,46.9,1.2,103.1,85.1,2.9,Vienna,81.6,5.0,2.1941333333333333,German,17.9,5.17,60.7,25.4,51.4,4.67,0.4715596330275229
10,10,10,Azerbaijan,123.0,AZ,57.7,14.0,994.0,Baku,156.32,2.6,AZN,1.73,14.1,0.56,99.7,27.7,19.2,Baku,72.9,26.0,0.47,Azerbaijani language,78.6,3.45,66.5,13.0,40.7,5.51,0.3308943089430894
11,11,11,The Bahamas,39.0,BS,1.4,13.97,1.0,"Nassau, Bahamas",116.22,2.5,EUR,1.75,51.4,0.92,81.4,15.1,8.3,"Nassau, Bahamas",73.8,70.0,5.25,English,27.8,1.94,74.6,14.8,33.8,10.36,0.8666666666666666
12,12,12,Bahrain,83.0,BH,11.1,13.99,973.0,Manama,117.59,2.1,BHD,1.99,0.8,0.43,99.4,50.5,6.1,Riffa,77.2,14.0,2.1941333333333333,Arabic,25.1,0.93,73.4,4.2,13.8,0.71,1.3822105326959924
13,13,13,Bangladesh,83.0,BD,70.6,18.18,880.0,Dhaka,179.68,5.6,BDT,2.04,11.0,1.12,116.5,20.6,25.1,Dhaka,72.3,173.0,0.51,Bengali,71.8,0.58,59.0,8.8,33.4,4.19,1.3822105326959924
14,14,14,Barbados,668.0,BB,23.3,10.65,1.0,Bridgetown,134.09,4.1,BBD,1.62,14.7,1.81,99.4,65.4,11.3,Bridgetown,79.1,27.0,3.13,English,45.2,2.48,65.2,27.5,35.6,10.33,0.0532934131736526
15,15,15,Belarus,47.0,BY,42.0,9.9,375.0,Minsk,144.19359999999998,5.6,BYN,1.45,42.6,0.6,100.5,87.4,2.6,Minsk,74.2,2.0,1.49,Russian,34.5,5.19,64.1,14.7,53.3,4.59,1.1340425531914893
16,16,16,Belgium,383.0,BE,44.6,10.3,32.0,City of Brussels,117.11,1.4,EUR,1.62,22.6,1.43,103.9,79.7,2.9,Brussels,81.6,5.0,10.31,French,17.6,3.07,53.6,24.0,55.4,5.59,0.1446475195822454
17,17,17,Belize,17.0,BZ,7.0,20.79,501.0,Belmopan,105.68,-0.9,BZD,2.31,59.7,1.13,111.7,24.7,11.2,Belize City,74.5,36.0,1.65,English,22.7,1.12,65.1,26.3,31.1,6.41,1.8294117647058823
18,18,18,Benin,108.0,BJ,33.3,36.22,229.0,Porto-Novo,110.71,-0.9,XOF,4.84,37.8,0.72,122.0,12.3,60.5,Cotonou,61.5,397.0,0.39,French,40.5,0.08,70.9,10.8,48.9,2.23,0.4527777777777778
19,19,19,Bhutan,20.0,BT,13.6,17.26,975.0,Thimphu,167.18,2.7,EUR,1.98,72.5,0.98,100.1,15.6,24.8,Thimphu,71.5,183.0,0.32,Dzongkha,19.8,0.42,66.7,16.0,35.3,2.34,1.765
20,20,20,Bolivia,11.0,BO,34.8,21.75,591.0,Sucre,148.32,1.8,BOB,2.73,50.3,0.71,98.2,37.96338797814208,21.8,Santa Cruz de la Sierra,71.2,155.0,1.36,Spanish,25.9,1.59,71.8,17.0,83.7,3.5,7.609090909090909
21,21,21,Bosnia and Herzegovina,64.0,BA,43.1,8.11,387.0,Sarajevo,104.9,0.6,BAM,1.27,42.7,1.05,102.47021276595747,23.3,5.0,Tuzla Canton,77.3,10.0,1.04,Bosnian,28.6,2.16,46.4,20.4,23.7,18.42,0.3703125
22,22,22,Botswana,4.0,BW,45.6,24.82,267.0,Gaborone,149.75,2.8,BWP,2.87,18.9,0.71,103.2,24.9,30.0,Gaborone,69.3,144.0,0.29,English,5.3,0.37,70.8,19.5,25.1,18.19,6.275
23,23,23,Brazil,25.0,BR,33.9,13.92,55.0,Bras���,167.4,3.7,BRL,1.73,58.9,1.02,115.4,51.3,12.8,S����,75.7,60.0,1.53,Portuguese,28.3,2.15,63.9,14.2,65.1,12.08,2.604
24,24,24,Brunei,83.0,BN,2.7,14.9,673.0,Bandar Seri Begawan,99.03,-0.4,BND,1.85,72.1,0.37,103.2,31.4,9.8,Unknown,75.7,31.0,2.1941333333333333,Malay,6.0,1.61,64.7,16.57396449704142,8.0,9.12,0.0963855421686747
25,25,25,Bulgaria,64.0,BG,46.3,8.9,359.0,Sofia,114.42,3.1,BGN,1.56,35.4,1.11,89.3,71.0,5.9,Sofia,74.9,10.0,1.57,Bulgarian,47.7,4.03,55.4,20.2,28.3,4.34,0.4421875
26,26,26,Burkina Faso,76.0,BF,44.2,37.93,226.0,Ouagadougou,106.58,-3.2,XOF,5.19,19.3,0.98,96.1,6.5,49.0,Ouagadougou,61.2,320.0,0.34,French,36.1,0.08,66.4,15.0,41.3,6.26,0.5434210526315789
27,27,27,Burundi,463.0,BI,79.2,39.01,257.0,Bujumbura,182.11,-0.7,BIF,5.41,10.9,1.21,121.4,6.1,41.0,Bujumbura,61.2,548.0,2.1941333333333333,Kirundi,19.1,0.1,79.2,13.6,41.2,1.43,0.0889848812095032
28,28,28,Ivory Coast,83.0,CI,64.8,35.74,225.0,Yamoussoukro,111.61,-0.9,XOF,4.65,32.7,0.93,99.8,9.3,59.4,Abidjan,57.4,617.0,0.36,French,36.0,0.23,57.0,11.8,50.1,3.32,0.6036144578313253
29,29,29,Cape Verde,138.0,CV,19.6,19.49,238.0,Praia,110.5,1.1,CVE,2.27,22.5,1.02,104.0,23.6,16.7,Praia,72.8,58.0,0.68,Portuguese,23.2,0.77,60.5,20.1,37.5,12.25,0.2717391304347826
30,30,30,Cambodia,95.0,KH,30.9,22.46,855.0,Phnom Penh,127.63,2.5,EUR,2.5,52.9,0.9,107.4,13.7,24.0,Phnom Penh,69.6,160.0,2.1941333333333333,Khmer language,59.4,0.17,82.3,17.1,23.1,0.68,0.2431578947368421
31,31,31,Cameroon,56.0,CM,20.6,35.39,237.0,Yaound�,118.65,2.5,XAF,4.57,39.3,1.03,103.4,12.8,50.6,Douala,58.9,529.0,0.35,French,69.7,0.09,76.1,12.8,57.7,3.38,1.030357142857143
32,32,32,Canada,4.0,CA,6.9,10.1,1.0,Ottawa,116.76,1.9,CAD,1.5,38.2,0.81,100.9,68.9,4.3,Toronto,81.9,10.0,9.51,French,14.6,2.61,65.1,12.8,24.5,5.56,6.125
33,33,33,Central African Republic,8.0,CF,8.2,35.35,236.0,Bangui,186.86,37.1,EUR,4.72,35.6,1.41,102.0,3.0,84.5,Bangui,52.8,829.0,0.37,French,39.6,0.06,72.0,8.6,73.3,3.68,9.1625
34,34,34,Chad,13.0,TD,39.7,42.17,235.0,N'Djamena,117.7,-1.0,XAF,5.75,3.8,0.78,86.8,3.3,71.4,N'Djamena,54.0,1140.0,0.6,French,56.4,0.04,70.7,16.57396449704142,63.5,1.89,4.884615384615385
35,35,35,Chile,26.0,CL,21.2,12.43,56.0,Santiago,131.91,2.6,CLP,1.65,24.3,1.03,101.4,88.5,6.2,Santiago,80.0,13.0,2.0,Spanish,32.2,2.59,62.6,18.2,34.0,7.09,1.3076923076923077
36,36,36,China,153.0,CN,56.2,10.9,86.0,Beijing,125.08,2.9,CNY,1.69,22.4,0.96,100.2,50.6,7.4,Shanghai,77.0,29.0,0.87,Standard Chinese,32.4,1.98,68.0,9.4,59.2,4.32,0.3869281045751634
37,37,37,Colombia,46.0,CO,40.3,14.88,57.0,Bogot�,140.95,3.5,COP,1.81,52.7,0.68,114.5,55.3,12.2,Bogot�,77.1,83.0,1.23,Spanish,18.3,2.18,68.8,14.4,71.2,9.71,1.547826086956522
38,38,38,Comoros,467.0,KM,71.5,31.88,269.0,"Moroni, Comoros",103.62,-4.3,KMF,4.21,19.7,1.002457142857143,99.5,9.0,51.3,"Moroni, Comoros",64.1,273.0,0.71,French,74.8,0.27,43.3,16.57396449704142,219.6,4.34,0.4702355460385439
39,39,39,Republic of the Congo,16.0,Unknown,31.1,32.86,242.0,Brazzaville,124.74,2.2,XAF,4.43,65.4,0.97,106.6,12.7,36.2,Brazzaville,64.3,378.0,0.88,French,43.8,0.12,69.4,9.0,54.3,9.47,3.39375
40,40,40,Costa Rica,100.0,CR,34.5,13.97,506.0,San Jos������,128.85,2.1,CRC,1.75,54.6,0.98,113.3,55.2,7.6,San Jos������,80.1,27.0,1.84,Spanish,21.5,2.89,62.1,13.6,58.3,11.85,0.583
41,41,41,Croatia,73.0,HR,27.6,9.0,385.0,Zagreb,109.82,0.8,HRK,1.47,34.4,1.26,96.5,67.9,4.0,Zagreb,78.1,8.0,2.92,Croatian,15.2,3.0,51.2,22.0,20.5,6.93,0.2808219178082192
42,42,42,Cuba,106.0,CU,59.9,10.17,53.0,Havana,144.19359999999998,6.722346368715083,CUP,1.62,31.3,1.4,101.9,41.4,3.7,Havana,78.7,36.0,0.05,Spanish,32.637234042553196,8.42,53.6,16.57396449704142,40.822404371584696,1.64,1.3822105326959924
43,43,43,Cyprus,131.0,CY,12.2,10.46,357.0,Nicosia,102.51,0.3,EUR,1.33,18.7,1.23,99.3,75.9,1.9,Statos�������,80.8,6.0,2.1941333333333333,Greek,43.9,1.95,63.1,24.5,22.4,7.27,0.1709923664122137
44,44,44,Czech Republic,139.0,CZ,45.2,10.7,420.0,Prague,116.48,2.8,CZK,1.69,34.6,1.17,100.7,64.1,2.7,Prague,79.0,3.0,3.0,Czech,14.8,4.12,60.6,14.9,46.1,1.93,0.3316546762589928
45,45,45,Democratic Republic of the Congo,40.0,CD,11.6,41.18,243.0,Kinshasa,133.85,2.9,CDF,5.92,67.2,1.49,108.0,6.6,68.2,Kinshasa,60.4,473.0,0.18,French,37.4,0.07,63.5,10.7,50.7,4.24,1.2675
46,46,46,Denmark,137.0,DK,62.0,10.6,45.0,Copenhagen,110.35,0.8,DKK,1.73,14.7,1.55,101.3,80.6,3.6,Copenhagen,81.0,4.0,2.1941333333333333,Danish,13.7,4.01,62.2,32.4,23.8,4.91,0.1737226277372262
47,47,47,Djibouti,43.0,DJ,73.4,21.47,253.0,Djibouti City,120.25,3.3,DJF,2.73,0.2,1.32,75.3,5.3,49.8,Djibouti City,66.6,248.0,2.1941333333333333,French,20.4,0.22,60.2,16.57396449704142,37.9,10.3,0.8813953488372093
48,48,48,Dominica,96.0,DM,33.3,12.0,1.0,Roseau,103.87,1.0,XCD,1.9,57.4,1.002457142857143,114.7,7.2,32.9,Roseau,76.6,53.0,1.48,English,28.4,1.08,62.73806818181818,22.1,32.6,6.886363636363637,0.3395833333333333
49,49,49,Dominican Republic,225.0,DO,48.7,19.51,1.0,Santo Domingo,135.5,1.8,DOP,2.35,41.7,1.07,105.7,59.9,24.1,Santo Domingo,73.9,95.0,0.4,Spanish,43.7,1.56,64.3,13.0,48.8,5.84,0.2168888888888888
50,50,50,Ecuador,71.0,EC,22.2,19.72,593.0,Quito,124.14,0.3,USD,2.43,50.2,0.61,103.3,44.9,12.2,Quito,76.8,59.0,2.46,Spanish,43.7,2.04,68.0,16.57396449704142,34.4,3.97,0.4845070422535211
51,51,51,Egypt,103.0,EG,3.8,26.38,20.0,Cairo,288.57,9.2,EGP,3.33,0.1,0.4,106.3,35.2,18.1,Cairo,71.8,37.0,2.1941333333333333,Modern Standard Arabic,62.0,0.45,46.4,12.5,44.4,10.76,0.4310679611650485
52,52,52,El Salvador,313.0,SV,76.4,18.25,503.0,San Salvador,111.23,0.1,EUR,2.04,12.6,0.83,94.8,29.4,11.8,San Salvador,73.1,46.0,0.5,Spanish,27.9,1.57,59.1,18.1,36.4,4.11,0.11629392971246
53,53,53,Equatorial Guinea,50.0,GQ,10.1,33.24,240.0,Malabo,124.35,1.2,XAF,4.51,55.5,1.002457142857143,61.8,1.9,62.6,Malabo,58.4,301.0,1.05,Spanish,72.0,0.4,62.0,6.1,79.4,6.43,1.588
54,54,54,Eritrea,35.0,ER,75.2,30.3,291.0,Asmara,144.19359999999998,6.722346368715083,ERN,4.06,14.9,2.0,68.4,3.4,31.3,Asmara,65.9,480.0,2.1941333333333333,Tigrinya,52.4,0.06,78.4,16.57396449704142,83.7,5.14,2.3914285714285715
55,55,55,Estonia,31.0,EE,23.1,10.9,372.0,Tallinn,122.14,2.3,EUR,1.59,51.3,1.14,97.2,69.6,2.1,Tallinn,78.2,9.0,3.14,Estonian,22.8,4.48,63.6,20.9,47.8,5.11,1.5419354838709676
56,56,56,Eswatini,67.0,Unknown,39.117553191489364,20.214973544973546,268.0,Mbabane,144.19359999999998,6.722346368715083,EUR,2.6981382978723403,32.01542553191489,1.002457142857143,102.47021276595747,37.96338797814208,21.332804232804236,Mbabane,72.27967914438503,53.0,2.1941333333333333,English,11.3,1.8398404255319147,62.73806818181818,28.6,40.822404371584696,6.886363636363637,1.3822105326959924
57,57,57,Ethiopia,115.0,ET,36.3,32.34,251.0,Addis Ababa,143.86,15.8,ETB,4.25,12.5,0.75,101.0,8.1,39.1,Addis Ababa,66.2,401.0,2.1941333333333333,Amharic,37.8,0.08,79.6,7.5,37.7,2.08,0.3278260869565217
58,58,58,Fiji,49.0,FJ,23.3,21.28,679.0,Suva,132.3,1.8,FJD,2.77,55.9,0.82,106.4,16.1,21.6,Suva,67.3,34.0,1.28,Fiji Hindi,21.4,0.84,57.6,24.2,32.1,4.1,0.6551020408163266
59,59,59,Finland,18.0,FI,7.5,8.6,358.0,Helsinki,112.33,1.0,EUR,1.41,73.1,1.45,100.2,88.2,1.4,Helsinki,81.7,3.0,2.1941333333333333,Swedish,19.9,3.81,59.1,20.8,36.6,6.59,2.033333333333333
60,60,60,France,119.0,FR,52.4,11.3,33.0,Paris,110.05,1.1,EUR,1.88,31.2,1.39,102.5,65.6,3.4,Paris,82.5,8.0,11.16,French,6.8,3.27,55.1,24.2,60.7,8.43,0.5100840336134455
61,61,61,Gabon,9.0,GA,20.0,31.61,241.0,Libreville,122.19,2.1,XAF,3.97,90.0,0.92,139.9,8.3,32.7,Libreville,66.2,252.0,1.46,French,25.9,0.68,52.9,10.2,47.1,20.0,5.233333333333333
62,62,62,The Gambia,239.0,GM,59.8,38.54,220.0,Banjul,172.73,7.1,GMD,5.22,48.4,1.18,98.0,2.7,39.0,Serekunda,61.7,597.0,0.13,English,20.3,0.1,59.4,9.4,48.4,9.06,0.202510460251046
63,63,63,Georgia,57.0,GE,34.5,13.47,995.0,Tbilisi,133.61,4.9,GEL,2.06,40.6,0.76,98.6,63.9,8.7,Tbilisi,73.6,25.0,0.05,Georgian,57.3,7.12,68.3,21.7,9.9,14.4,0.1736842105263158
64,64,64,Germany,240.0,DE,47.7,9.5,49.0,Berlin,112.85,1.4,EUR,1.56,32.7,1.39,104.0,70.2,3.1,Berlin,80.9,7.0,9.99,German,12.5,4.25,60.8,11.5,48.8,3.04,0.2033333333333333
65,65,65,Ghana,137.0,GH,69.0,29.41,233.0,Accra,268.36,7.2,GHS,3.87,41.2,0.92,104.8,15.7,34.9,Accra,63.8,308.0,0.27,English,36.1,0.14,67.8,12.6,55.4,4.33,0.4043795620437956
66,66,66,Greece,81.0,GR,47.6,8.1,30.0,Athens,101.87,0.2,EUR,1.35,31.7,1.54,99.6,136.6,3.6,Macedonia,81.3,3.0,4.46,Greek,35.5,5.48,51.8,26.2,51.9,17.24,0.6407407407407407
67,67,67,Grenada,331.0,GD,23.5,16.47,1.0,"St. George's, Grenada",107.43,0.8,XCD,2.06,50.0,1.12,106.9,104.6,13.7,"St. George's, Grenada",72.4,25.0,2.1941333333333333,English,57.0,1.41,62.73806818181818,19.4,47.8,6.886363636363637,0.1444108761329305
68,68,68,Guatemala,167.0,GT,36.0,24.56,502.0,Guatemala City,142.92,3.7,GTQ,2.87,32.7,0.79,101.9,21.8,22.1,Guatemala City,74.1,95.0,1.6,Spanish,55.8,0.35,62.3,10.6,35.2,2.46,0.2107784431137724
69,69,69,Guinea,53.0,GN,59.0,36.36,224.0,Conakry,262.95,9.5,GNF,4.7,25.8,0.9,91.5,11.6,64.9,Kankan,61.2,576.0,2.1941333333333333,French,54.5,0.08,61.5,10.8,69.3,4.3,1.3075471698113208
70,70,70,Guinea-Bissau,70.0,GW,58.0,35.13,245.0,Bissau,111.65,1.4,XOF,4.48,69.8,1.002457142857143,118.7,2.6,54.0,Bissau,58.0,667.0,0.16,Portuguese,37.2,0.13,72.0,10.3,45.5,2.47,0.65
71,71,71,Guyana,4.0,GY,8.6,19.97,592.0,"Georgetown, Guyana",116.19,2.1,GYD,2.46,83.9,0.9,97.8,11.6,25.1,"Georgetown, Guyana",69.8,169.0,0.98,English,40.5,0.8,56.2,16.57396449704142,30.6,11.85,7.65
72,72,72,Haiti,414.0,HT,66.8,24.35,509.0,Port-au-Prince,179.29,12.5,HTG,2.94,3.5,0.81,113.6,1.1,49.5,Port-au-Prince,63.7,480.0,0.25,French,36.3,0.23,67.2,16.57396449704142,42.7,13.78,0.1031400966183574
73,73,73,Vatican City,83.0,Unknown,39.117553191489364,20.214973544973546,379.0,Vatican City,144.19359999999998,6.722346368715083,EUR,2.6981382978723403,32.01542553191489,1.002457142857143,102.47021276595747,37.96338797814208,21.332804232804236,Unknown,72.27967914438503,53.0,2.1941333333333333,Italian,32.637234042553196,1.8398404255319147,62.73806818181818,16.57396449704142,40.822404371584696,6.886363636363637,1.3822105326959924
74,74,74,Honduras,89.0,HN,28.9,21.6,504.0,Tegucigalpa,150.34,4.4,HNL,2.46,40.0,0.98,91.5,26.2,15.1,Tegucigalpa,75.1,65.0,1.01,Spanish,49.1,0.31,68.8,17.3,39.1,5.39,0.4393258426966292
75,75,75,Hungary,107.0,HU,58.4,9.6,36.0,Budapest,121.64,3.3,HUF,1.54,22.9,1.18,100.8,48.5,3.6,Budapest,75.8,12.0,2.62,Hungarian,29.0,3.41,56.5,23.0,37.9,3.4,0.3542056074766355
76,76,76,Iceland,3.0,IS,18.7,12.0,354.0,Reykjav��,129.0,3.0,ISK,1.71,0.5,1.69,100.4,71.8,1.5,Reykjav��,82.7,4.0,2.1941333333333333,Icelandic,17.0,4.08,75.0,23.3,31.9,2.84,10.633333333333333
77,77,77,India,464.0,IN,60.4,17.86,91.0,New Delhi,180.44,7.7,INR,2.22,23.8,0.97,113.0,28.1,29.9,Kurebhar,69.4,145.0,0.3,Hindi,65.1,0.86,49.3,11.2,49.7,5.36,0.1071120689655172
78,78,78,Indonesia,151.0,ID,31.5,18.07,62.0,Jakarta,151.18,3.0,IDR,2.31,49.9,0.63,106.4,36.3,21.1,Kalimantan,71.5,177.0,0.48,Indonesian,48.3,0.43,67.5,10.2,30.1,4.69,0.1993377483443708
79,79,79,Iran,52.0,IR,28.2,18.78,98.0,Tehran,550.93,39.9,IRR,2.14,6.6,0.4,110.7,68.1,12.4,Tehran,76.5,16.0,1.58,Persian,39.7,1.58,44.7,7.4,44.7,11.38,0.8596153846153847
80,80,80,Iraq,93.0,IQ,21.4,29.08,964.0,Baghdad,119.86,0.4,IQD,3.67,1.9,0.61,108.7,16.2,22.5,Baghdad,70.5,79.0,1.24,Arabic,76.5,0.71,43.0,2.0,30.8,12.82,0.3311827956989247
81,81,81,Republic of Ireland,72.0,Unknown,64.5,12.5,353.0,Dublin,106.58,0.9,EUR,1.75,11.0,1.37,100.9,77.8,3.1,Connacht,82.3,5.0,10.79,Irish,15.2,3.31,62.1,18.3,26.1,4.93,0.3625
82,82,82,Israel,400.0,IL,24.6,20.8,972.0,Jerusalem,108.15,0.8,ILS,3.09,7.7,1.57,104.9,63.4,3.0,Jerusalem,82.8,3.0,7.58,Hebrew,24.4,4.62,64.0,23.1,25.3,3.86,0.06325
83,83,83,Italy,206.0,IT,43.2,7.3,39.0,Rome,110.62,0.6,EUR,1.29,31.8,1.61,101.9,61.9,2.6,Rome,82.9,2.0,2.1941333333333333,Italian,22.8,3.98,49.6,24.3,59.1,9.89,0.2868932038834951
84,84,84,Jamaica,273.0,JM,41.0,16.1,1876.0,"Kingston, Jamaica",162.47,3.9,JMD,1.98,30.9,1.11,91.0,27.1,12.4,"Kingston, Jamaica",74.4,80.0,1.33,Jamaican English,23.7,1.31,66.0,26.8,35.1,8.0,0.1285714285714286
85,85,85,Japan,347.0,JP,12.3,7.4,81.0,Tokyo,105.48,0.5,EUR,1.42,68.5,1.06,98.8,63.2,1.8,Tokyo,84.2,5.0,6.77,English,13.1,2.41,61.7,11.9,46.7,2.29,0.1345821325648415
86,86,86,Jordan,115.0,JO,12.0,21.98,962.0,Amman,125.6,0.8,JOD,2.76,1.1,1.1,81.5,34.4,13.9,Amman,74.4,46.0,1.49,Arabic,25.1,2.32,39.3,15.1,28.6,14.72,0.248695652173913
87,87,87,Kazakhstan,7.0,KZ,80.4,21.77,7.0,Astana,182.75,5.2,KZT,2.84,1.2,0.42,104.4,61.7,8.8,Almaty,73.2,10.0,0.41,Russian,38.8,3.25,68.8,11.7,28.4,4.59,4.057142857142857
88,88,88,Kenya,94.0,KE,48.5,28.75,254.0,Nairobi,180.51,4.7,KES,3.49,7.8,0.95,103.2,11.5,30.6,Nairobi,66.3,342.0,0.25,Swahili,33.4,0.16,74.7,15.1,37.2,2.64,0.3957446808510638
89,89,89,Kiribati,147.0,KI,42.0,27.89,686.0,South Tarawa,99.55,0.6,AUD,3.57,15.0,1.002457142857143,101.3,37.96338797814208,41.2,South Tarawa,68.1,92.0,2.1941333333333333,English,0.2,0.2,62.73806818181818,22.0,32.7,6.886363636363637,0.2224489795918367
90,90,90,Kuwait,240.0,KW,8.4,13.94,965.0,Kuwait City,126.6,1.1,KWD,2.08,0.4,0.35,92.4,54.4,6.7,Kuwait City,75.4,12.0,0.95,Modern Standard Arabic,14.4,2.58,73.5,1.4,13.0,2.18,0.0541666666666666
91,91,91,Kyrgyzstan,34.0,KG,55.0,27.1,996.0,Bishkek,155.68,1.1,KGS,3.3,3.3,0.56,107.6,41.3,16.9,Bishkek,71.4,60.0,0.09,Russian,48.2,1.88,59.8,18.0,29.0,6.33,0.8529411764705882
92,92,92,Laos,32.0,LA,10.3,23.55,856.0,Vientiane,135.87,3.3,LAK,2.67,82.1,0.93,102.4,15.0,37.6,Vientiane,67.6,185.0,0.83,Lao,45.4,0.37,78.5,12.9,24.1,0.63,0.753125
93,93,93,Latvia,30.0,LV,31.1,10.0,371.0,Riga,116.86,2.8,EUR,1.6,54.0,1.16,99.4,88.1,3.3,Riga,74.7,19.0,2.8,Latvian,41.6,3.19,61.4,22.9,38.1,6.52,1.27
94,94,94,Lebanon,667.0,LB,64.3,17.55,961.0,Beirut,130.02,3.0,LBP,2.09,13.4,0.74,95.1,26.3,6.4,"Tripoli, Lebanon",78.9,29.0,2.15,Arabic,32.1,2.1,47.0,15.3,32.2,6.23,0.0482758620689655
95,95,95,Lesotho,71.0,LS,77.6,26.81,266.0,Maseru,155.86,5.2,EUR,3.14,1.6,0.7,120.9,10.2,65.7,Maseru,53.7,544.0,0.41,English,16.9,0.07,67.9,31.6,13.6,23.41,0.1915492957746478
96,96,96,Liberia,53.0,LR,28.0,33.04,231.0,Monrovia,223.13,23.6,EUR,4.32,43.1,0.8,85.1,11.9,53.5,Monrovia,63.7,661.0,0.17,English,19.6,0.04,76.3,12.9,46.2,2.81,0.8716981132075472
97,97,97,Libya,4.0,LY,8.7,18.83,218.0,Unknown,125.71,2.6,LYD,2.24,0.1,0.11,109.0,60.5,10.2,Unknown,72.7,72.0,1.88,Arabic,36.7,2.09,49.7,16.57396449704142,32.6,18.56,8.15
98,98,98,Liechtenstein,238.0,LI,32.2,9.9,423.0,Vaduz,144.19359999999998,6.722346368715083,CHF,1.44,43.1,1.74,104.7,35.6,21.332804232804236,Schaan,83.0,53.0,2.1941333333333333,German,32.637234042553196,1.8398404255319147,62.73806818181818,16.57396449704142,21.6,6.886363636363637,0.0907563025210084
99,99,99,Lithuania,43.0,LT,47.2,10.0,370.0,Vilnius,118.38,2.3,EUR,1.63,34.8,1.16,103.9,72.4,3.3,Vilnius,75.7,8.0,2.41,Lithuanian,32.1,6.35,61.6,16.9,42.6,6.35,0.9906976744186048
100,100,100,Luxembourg,242.0,LU,53.7,10.3,352.0,Luxembourg City,115.09,1.7,EUR,1.37,35.7,1.19,102.3,19.2,1.9,Luxembourg City,82.1,5.0,13.05,Luxembourgish,10.6,3.01,59.3,26.5,20.4,5.36,0.084297520661157
101,101,101,Madagascar,48.0,MG,71.2,32.66,261.0,Antananarivo,184.33,5.6,MGA,4.08,21.4,1.11,142.5,5.4,38.2,Antananarivo,66.7,335.0,0.21,French,21.7,0.18,86.1,10.2,38.3,1.76,0.7979166666666666
102,102,102,Malawi,203.0,MW,61.4,34.12,265.0,Lilongwe,418.34,9.4,MWK,4.21,33.2,1.15,142.5,0.8,35.3,Lilongwe,63.8,349.0,0.12,English,11.0,0.04,76.7,17.3,34.5,5.65,0.1699507389162561
103,103,103,Malaysia,99.0,MY,26.3,16.75,60.0,Kuala Lumpur,121.46,0.7,MYR,2.0,67.6,0.45,105.3,45.1,6.7,Johor Bahru,76.0,29.0,0.93,Malaysian language,36.7,1.51,64.3,12.0,38.7,3.32,0.3909090909090909
104,104,104,Maldives,83.0,MV,26.3,14.2,960.0,Mal�,99.7,0.2,EUR,1.87,3.3,1.63,97.1,31.2,7.4,Mal�,78.6,53.0,2.1941333333333333,Divehi,16.4,4.56,69.8,19.5,30.2,6.14,1.3822105326959924
105,105,105,Mali,17.0,ML,33.8,41.54,223.0,Bamako,108.73,-1.7,XOF,5.88,3.8,1.12,75.6,4.5,62.0,Bamako,58.9,562.0,0.23,French,46.3,0.13,70.8,11.6,54.5,7.22,3.2058823529411766
106,106,106,Malta,83.0,MT,32.4,9.2,356.0,Valletta,113.45,1.6,EUR,1.23,1.1,1.36,105.0,54.3,6.1,Birkirkara,82.3,6.0,5.07,Maltese,37.1,2.86,56.5,26.2,44.0,3.47,1.3822105326959924
107,107,107,Marshall Islands,329.0,MH,63.9,29.03,692.0,Majuro,144.19359999999998,6.722346368715083,USD,4.05,70.2,1.44,84.7,23.7,27.4,Majuro,65.2,53.0,2.0,Marshallese,10.0,0.42,62.73806818181818,17.8,65.9,6.886363636363637,0.2003039513677811
108,108,108,Mauritania,5.0,MR,38.5,33.69,222.0,Nouakchott,135.02,2.3,MRU,4.56,0.2,1.13,99.9,5.0,51.5,Nouakchott,64.7,766.0,0.53,Arabic,48.2,0.19,45.9,16.57396449704142,67.0,9.55,13.4
109,109,109,Mauritius,626.0,MU,42.4,10.2,230.0,Port Louis,129.91,0.4,MUR,1.41,19.0,1.12,101.1,40.6,13.6,Port Louis,74.4,61.0,0.38,French,50.7,2.53,58.3,19.1,22.2,6.67,0.0354632587859424
110,110,110,Mexico,66.0,MX,54.6,17.6,52.0,Mexico City,141.54,3.6,MXN,2.13,33.9,0.73,105.8,40.2,11.0,Mexico City,75.0,33.0,0.49,English,41.4,2.38,60.7,13.1,55.1,3.42,0.8348484848484848
111,111,111,Federated States of Micronesia,784.0,FM,31.4,22.82,691.0,Palikir,112.1,0.5,USD,3.05,91.9,1.002457142857143,97.2,14.1,25.6,Palikir,67.8,88.0,2.1941333333333333,English,2.5,0.18,62.73806818181818,25.2,60.5,6.886363636363637,0.0771683673469387
112,112,112,Moldova,123.0,MD,74.2,10.1,373.0,Chi����,166.2,4.8,MDL,1.26,12.6,0.8,90.6,39.8,13.6,Chi����,71.8,19.0,0.31,Romanian,46.2,3.21,43.1,17.7,38.7,5.47,0.3146341463414634
113,113,113,Monaco,83.0,MC,39.117553191489364,5.9,377.0,Monaco City,144.19359999999998,6.722346368715083,EUR,2.6981382978723403,32.01542553191489,2.0,102.47021276595747,37.96338797814208,2.6,Monaco City,72.27967914438503,53.0,11.72,French,6.1,6.56,62.73806818181818,16.57396449704142,40.822404371584696,6.886363636363637,1.3822105326959924
114,114,114,Mongolia,2.0,MN,71.5,24.13,976.0,Ulaanbaatar,195.76,7.3,MNT,2.9,8.0,0.72,104.0,65.6,14.0,Ulaanbaatar,69.7,45.0,0.65,Mongolian,39.3,2.86,59.7,16.8,25.7,6.01,12.85
115,115,115,Montenegro,47.0,ME,19.0,11.73,382.0,Podgorica,116.32,2.6,EUR,1.75,61.5,1.16,100.0,56.1,2.3,Podgorica,76.8,6.0,1.23,Montenegrin language,31.8,2.76,54.4,16.57396449704142,22.2,14.88,0.4723404255319148
116,116,116,Morocco,83.0,MA,68.5,18.94,212.0,Rabat,111.07,0.2,MAD,2.42,12.6,0.99,113.9,35.9,19.2,Casablanca,76.5,70.0,1.6,Arabic,53.1,0.73,45.3,21.9,45.8,9.02,0.5518072289156626
117,117,117,Mozambique,40.0,MZ,63.5,37.52,258.0,Maputo,182.31,2.8,MZN,4.85,48.0,0.65,112.6,7.3,54.0,Maputo,60.2,289.0,0.27,Portuguese,6.8,0.08,78.1,0.0,36.1,3.24,0.9025
118,118,118,Myanmar,83.0,MM,19.5,17.55,95.0,Naypyidaw,168.18,8.8,MMK,2.15,43.6,0.54,112.3,18.8,36.8,Yangon,66.9,250.0,0.39,Burmese,73.9,0.68,61.7,5.4,31.2,1.58,0.3759036144578313
119,119,119,Namibia,3.0,Unknown,47.1,28.64,264.0,Windhoek,157.97,3.7,EUR,3.4,8.3,0.76,124.2,22.9,29.0,Windhoek,63.4,195.0,2.1941333333333333,English,8.3,0.42,59.5,27.1,20.7,20.27,6.9
120,120,120,Nauru,541.0,NR,39.117553191489364,20.214973544973546,674.0,Yaren District,144.19359999999998,6.722346368715083,AUD,2.6981382978723403,32.01542553191489,1.002457142857143,102.47021276595747,37.96338797814208,21.332804232804236,Unknown,72.27967914438503,53.0,2.1941333333333333,English,32.637234042553196,1.8398404255319147,62.73806818181818,16.57396449704142,40.822404371584696,6.886363636363637,1.3822105326959924
121,121,121,Nepal,203.0,NP,28.7,19.89,977.0,Kathmandu,188.73,5.6,NPR,1.92,25.4,0.91,142.1,12.4,26.7,Kathmandu,70.5,186.0,0.36,Nepali,60.4,0.75,83.8,20.7,41.8,1.41,0.205911330049261
122,122,122,Netherlands,508.0,NL,53.3,9.7,31.0,Amsterdam,115.91,2.6,EUR,1.59,11.2,1.68,104.2,85.0,3.3,Amsterdam,81.8,5.0,10.29,Dutch,12.3,3.61,63.6,23.0,41.2,3.2,0.0811023622047244
123,123,123,New Zealand,18.0,NZ,40.5,11.98,64.0,Wellington,114.24,1.6,NZD,1.71,38.6,1.4,100.0,82.0,4.7,Auckland,81.9,9.0,11.49,English,12.6,3.59,69.9,29.0,34.6,4.07,1.9222222222222225
124,124,124,Nicaragua,55.0,NI,42.1,20.64,505.0,Managua,162.74,5.4,NIO,2.4,25.9,0.91,120.6,17.4,15.7,Managua,74.3,98.0,0.54,Spanish,36.0,0.98,66.4,15.6,60.6,6.84,1.1018181818181818
125,125,125,Niger,19.0,NE,36.1,46.08,227.0,Niamey,109.32,-2.5,XOF,6.91,0.9,0.88,74.7,4.4,48.0,Niamey,62.0,509.0,0.29,French,52.3,0.04,72.0,11.8,47.2,0.47,2.4842105263157896
126,126,126,Nigeria,226.0,NG,77.7,37.91,234.0,Abuja,267.51,11.4,NGN,5.39,7.2,0.46,84.7,10.2,75.7,Lagos,54.3,917.0,0.54,English,72.2,0.38,52.9,1.5,34.8,8.1,0.1539823008849557
127,127,127,North Korea,214.0,KP,21.8,13.89,850.0,Pyongyang,144.19359999999998,6.722346368715083,KPW,1.9,40.7,0.58,112.8,27.0,13.7,Pyongyang,72.1,89.0,2.1941333333333333,Korean,32.637234042553196,3.67,80.4,16.57396449704142,40.822404371584696,2.74,1.3822105326959924
128,128,128,North Macedonia,83.0,Unknown,39.117553191489364,20.214973544973546,389.0,Skopje,144.19359999999998,6.722346368715083,MKD,2.6981382978723403,32.01542553191489,1.002457142857143,102.47021276595747,37.96338797814208,21.332804232804236,Skopje,72.27967914438503,53.0,2.1941333333333333,Macedonian,35.6,1.8398404255319147,62.73806818181818,16.57396449704142,40.822404371584696,6.886363636363637,1.3822105326959924
129,129,129,Norway,15.0,NO,2.7,10.4,47.0,Oslo,120.27,2.2,NOK,1.56,33.2,1.78,100.3,82.0,2.1,Oslo,82.8,2.0,2.1941333333333333,Norwegian,14.3,2.92,63.8,23.9,36.2,3.35,2.4133333333333336
130,130,130,Oman,16.0,OM,4.6,19.19,968.0,Muscat,113.53,0.1,OMR,2.89,0.0,0.45,103.4,38.0,9.8,Seeb,77.6,19.0,4.33,Arabic,6.4,2.0,72.4,2.5,27.4,2.67,1.7125
131,131,131,Pakistan,287.0,PK,47.8,28.25,92.0,Islamabad,182.32,10.6,PKR,3.51,1.9,0.79,94.3,9.0,57.2,Karachi,67.1,140.0,0.69,Urdu,66.5,0.98,52.6,9.2,33.9,4.45,0.1181184668989547
132,132,132,Palau,39.0,PW,10.9,14.0,680.0,Ngerulmud,118.17,1.3,USD,2.21,87.6,1.002457142857143,112.6,54.7,16.6,Koror,69.1,53.0,3.0,English,21.8,1.18,62.73806818181818,21.3,76.6,6.886363636363637,1.964102564102564
133,133,133,Palestinian National Authority,847.0,Unknown,39.117553191489364,20.214973544973546,255.5,Unknown,144.19359999999998,6.722346368715083,EUR,2.6981382978723403,32.01542553191489,1.002457142857143,102.47021276595747,37.96338797814208,21.332804232804236,Unknown,72.27967914438503,53.0,2.1941333333333333,Arabic,32.637234042553196,1.8398404255319147,62.73806818181818,16.57396449704142,40.822404371584696,6.886363636363637,1.3822105326959924
134,134,134,Panama,58.0,PA,30.4,18.98,507.0,Panama City,122.07,-0.4,EUR,2.46,61.9,0.74,94.4,47.8,13.1,Panama City,78.3,52.0,1.53,Spanish,30.5,1.57,66.6,16.57396449704142,37.2,3.9,0.6413793103448276
135,135,135,Papua New Guinea,20.0,PG,2.6,27.07,675.0,Port Moresby,155.99,3.6,PGK,3.56,74.1,1.36,108.5,1.8,38.0,Port Moresby,64.3,145.0,1.16,Tok Pisin,5.8,0.07,47.2,13.6,37.1,2.46,1.855
136,136,136,Paraguay,18.0,PY,55.1,20.57,595.0,Asunci��,143.82,2.8,PYG,2.43,37.7,1.04,104.4,34.6,17.2,Ciudad del Este,74.1,129.0,1.55,Spanish,36.5,1.35,72.1,10.0,35.0,4.81,1.9444444444444444
137,137,137,Peru,26.0,PE,18.5,17.95,51.0,Lima,129.78,2.1,PEN,2.25,57.7,0.99,106.9,70.7,11.1,Lima,76.5,88.0,1.28,Spanish,30.9,1.27,77.6,14.3,36.8,3.31,1.4153846153846152
138,138,138,Philippines,368.0,PH,41.7,20.55,63.0,Manila,129.61,2.5,PHP,2.58,27.8,0.86,107.5,35.5,22.5,Manila,71.1,121.0,1.12,English,53.5,0.6,59.6,14.0,43.1,2.15,0.1171195652173913
139,139,139,Poland,124.0,PL,46.9,10.2,48.0,Warsaw,114.11,2.2,PLN,1.46,30.9,1.07,100.0,67.8,3.8,Warsaw,77.6,2.0,2.93,Polish,23.2,2.38,56.7,17.4,40.8,3.47,0.3290322580645161
140,140,140,Portugal,111.0,PT,39.5,8.5,351.0,Lisbon,110.62,0.3,EUR,1.38,34.6,1.54,106.2,63.9,3.1,Lisbon,81.3,8.0,3.78,Portuguese,27.7,5.12,58.8,22.8,39.8,6.33,0.3585585585585585
141,141,141,Qatar,248.0,QA,5.8,9.54,974.0,Doha,115.38,-0.7,QAR,1.87,0.0,0.4,103.8,17.9,5.8,Doha,80.1,9.0,2.1941333333333333,Arabic,6.2,2.49,86.8,14.7,11.3,0.09,0.0455645161290322
142,142,142,Romania,84.0,RO,58.8,9.6,40.0,Bucharest,123.78,3.8,RON,1.71,30.1,1.16,85.2,49.4,6.1,Bucharest,75.4,19.0,2.25,Romanian,21.3,2.98,54.7,14.6,20.0,3.98,0.238095238095238
143,143,143,Russia,9.0,RU,13.3,11.5,7.0,Moscow,180.75,4.5,RUB,1.57,49.8,0.59,102.6,81.9,6.1,Moscow,72.7,17.0,0.53,Russian,36.4,4.01,61.8,11.4,46.2,4.59,5.133333333333334
144,144,144,Rwanda,525.0,RW,73.4,31.7,250.0,Kigali,151.09,3.4,RWF,4.04,19.7,1.17,133.0,6.7,27.0,Kigali,68.7,248.0,2.1941333333333333,Swahili,26.0,0.13,83.7,14.3,33.2,1.03,0.0632380952380952
145,145,145,Saint Kitts and Nevis,205.0,KN,23.1,12.6,1.0,Basseterre,104.57,-1.0,XCD,2.11,42.3,1.002457142857143,108.7,86.7,9.8,Basseterre,71.3,53.0,3.33,English,56.6,2.52,62.73806818181818,18.5,49.7,6.886363636363637,0.2424390243902439
146,146,146,Saint Lucia,301.0,LC,17.4,12.0,1.0,Castries,110.13,1.9,XCD,1.44,33.2,1.3,102.6,14.1,14.9,Castries,76.1,117.0,2.1941333333333333,English,48.4,0.64,67.1,18.2,34.7,20.71,0.115282392026578
147,147,147,Saint Vincent and the Grenadines,284.0,VC,25.6,14.24,1.0,Kingstown,109.67,2.3,XCD,1.89,69.2,1.002457142857143,113.4,23.7,14.8,Calliaqua,72.4,68.0,1.16,English,21.4,0.66,65.9,25.4,37.0,18.88,0.130281690140845
148,148,148,Samoa,70.0,WS,12.4,24.38,685.0,Apia,117.56,1.0,WST,3.88,60.4,0.91,110.5,7.6,13.6,Apia,73.2,43.0,0.78,Samoan,11.5,0.34,43.7,25.5,19.3,8.36,0.2757142857142857
149,149,149,San Marino,566.0,SM,16.7,6.8,378.0,City of San Marino,110.63,1.0,EUR,1.26,0.0,1.002457142857143,108.1,42.5,1.7,City of San Marino,85.4,53.0,2.1941333333333333,Italian,18.3,6.11,62.73806818181818,18.1,36.2,6.886363636363637,0.0639575971731448
150,150,150,S�����������,228.0,ST,50.7,31.54,239.0,S����,185.09,7.9,STN,4.32,55.8,1.002457142857143,106.8,13.4,24.4,S����,70.2,130.0,2.1941333333333333,English,11.7,0.05,57.8,14.6,37.0,13.37,0.1622807017543859
151,151,151,Saudi Arabia,16.0,SA,80.8,17.8,966.0,Riyadh,118.4,-1.2,SAR,2.32,0.5,0.24,99.8,68.0,6.0,Riyadh,75.0,17.0,3.85,Arabic,15.0,2.61,55.9,8.9,15.7,5.93,0.98125
152,152,152,Senegal,87.0,SN,46.1,34.52,221.0,Dakar,109.25,1.8,XOF,4.63,42.8,1.14,81.0,12.8,31.8,Pikine,67.7,315.0,0.31,French,44.2,0.07,45.7,16.3,44.8,6.6,0.5149425287356322
153,153,153,Serbia,100.0,RS,39.3,9.2,381.0,Belgrade,144.0,1.8,RSD,1.49,31.1,1.16,100.3,67.2,4.8,Belgrade,75.5,12.0,1.57,Serbian,40.6,3.11,54.9,18.6,36.6,12.69,0.366
154,154,154,Seychelles,214.0,SC,3.4,17.1,248.0,"Victoria, Seychelles",129.96,1.8,SCR,2.41,88.4,1.002457142857143,100.4,17.1,12.4,"Victoria, Seychelles",72.8,53.0,2.0,French,2.5,0.95,62.73806818181818,34.1,30.1,6.886363636363637,0.1406542056074766
155,155,155,Sierra Leone,111.0,SL,54.7,33.41,232.0,Freetown,234.16,14.8,SLL,4.26,43.1,1.08,112.8,2.0,78.5,Freetown,54.3,1120.0,0.57,English,38.2,0.03,57.9,8.6,30.7,4.43,0.2765765765765766
156,156,156,Singapore,83.0,SG,0.9,8.8,65.0,Unknown,114.41,0.6,SGD,1.14,23.1,1.25,100.6,84.8,2.3,Unknown,83.1,8.0,2.1941333333333333,Malay,36.7,2.29,70.5,13.1,21.0,4.11,1.3822105326959924
157,157,157,Slovakia,114.0,SK,39.2,10.6,421.0,Bratislava,115.34,2.7,EUR,1.52,40.4,1.32,98.7,46.6,4.6,Bratislava,77.2,5.0,3.11,Slovak,18.4,3.42,59.5,18.7,49.7,5.56,0.4359649122807018
158,158,158,Slovenia,103.0,SI,30.7,9.4,386.0,Ljubljana,111.05,1.6,EUR,1.6,62.0,1.32,100.4,78.6,1.7,Ljubljana,81.0,7.0,5.25,Slovene language,12.5,3.09,58.4,18.6,31.0,4.2,0.3009708737864077
159,159,159,Solomon Islands,25.0,SB,3.9,32.44,677.0,Honiara,133.06,1.6,SBD,4.4,77.9,1.002457142857143,106.2,37.96338797814208,17.1,Honiara,72.8,104.0,0.4,English,3.3,0.19,83.8,29.5,32.0,0.58,1.28
160,160,160,Somalia,25.0,SO,70.3,41.75,252.0,Mogadishu,144.19359999999998,6.722346368715083,SOS,6.07,10.0,1.41,23.4,2.5,76.6,Bosaso,57.1,829.0,2.1941333333333333,Arabic,32.637234042553196,0.02,47.4,0.0,40.822404371584696,11.35,1.3822105326959924
161,161,161,South Africa,49.0,ZA,79.8,20.51,27.0,Pretoria,158.93,4.1,ZAR,2.41,7.6,0.92,100.9,22.4,28.5,Johannesburg,63.9,119.0,2.1941333333333333,Afrikaans,7.7,0.91,56.0,27.5,29.2,28.18,0.5959183673469388
162,162,162,South Korea,527.0,KR,17.4,6.4,82.0,Seoul,115.16,0.4,KRW,0.98,63.4,1.22,98.1,94.3,2.7,Seoul,82.6,11.0,6.49,Korean,36.8,2.36,63.0,15.6,33.2,4.15,0.0629981024667931
163,163,163,South Sudan,18.0,SS,39.117553191489364,35.01,211.0,Juba,144.19359999999998,187.9,SSP,4.7,32.01542553191489,0.28,73.0,37.96338797814208,63.7,Juba,57.6,1150.0,2.1941333333333333,English,61.3,1.8398404255319147,72.4,16.57396449704142,31.4,12.24,1.7444444444444445
164,164,164,Spain,94.0,ES,52.6,7.9,34.0,Madrid,110.96,0.7,EUR,1.26,36.9,1.26,102.7,88.9,2.5,Madrid,83.3,4.0,5.6,Spanish,24.2,3.87,57.5,14.2,47.0,13.96,0.5
165,165,165,Sri Lanka,341.0,LK,43.7,15.83,94.0,Colombo,155.53,3.5,LKR,2.2,32.9,0.88,100.2,19.6,6.4,Colombo,76.8,36.0,0.35,Tamil,38.4,1.0,53.9,11.9,55.2,4.2,0.1618768328445748
166,166,166,Sudan,25.0,SD,28.7,32.18,249.0,Khartoum,144.19359999999998,51.0,SDG,4.41,8.1,0.95,76.8,16.9,42.1,Omdurman,65.1,295.0,0.41,Arabic,63.2,0.26,48.4,8.0,45.4,16.53,1.816
167,167,167,Suriname,4.0,SR,0.6,18.54,597.0,Paramaribo,294.66,22.0,SRD,2.42,98.3,1.29,108.8,12.6,16.9,Paramaribo,71.6,120.0,2.1941333333333333,Dutch,10.1,1.21,51.1,19.5,27.9,7.33,6.975
168,168,168,Sweden,25.0,SE,7.4,11.4,46.0,Stockholm,110.51,1.8,SEK,1.76,68.9,1.42,126.6,67.0,2.2,S�����,82.5,4.0,2.1941333333333333,Swedish,15.2,3.98,64.6,27.9,49.1,6.48,1.964
169,169,169,Switzerland,219.0,CH,38.4,10.0,41.0,Bern,99.55,0.4,CHF,1.52,31.8,1.45,105.2,59.6,3.7,Z���,83.6,5.0,2.1941333333333333,German,28.3,4.3,68.3,10.1,28.8,4.58,0.1315068493150685
170,170,170,Syria,95.0,SY,75.8,23.69,963.0,Damascus,143.2,36.7,SYP,2.81,2.7,0.83,81.7,40.1,14.0,Damascus,71.8,31.0,1.02,Arabic,53.7,1.22,44.1,14.2,42.7,8.37,0.4494736842105263
171,171,171,Tajikistan,68.0,TJ,34.1,30.76,992.0,Dushanbe,148.57,6.0,TJS,3.59,3.0,0.71,100.9,31.3,30.4,Dushanbe,70.9,17.0,0.23,Persian,63.1,1.7,42.0,9.8,67.3,11.02,0.9897058823529412
172,172,172,Tanzania,67.0,TZ,44.8,36.7,255.0,Dodoma,187.43,3.5,TZS,4.89,51.6,0.87,94.2,4.0,37.6,Dar es Salaam,65.0,524.0,0.09,Swahili,26.1,0.01,83.4,11.5,43.8,1.98,0.6537313432835821
173,173,173,Thailand,137.0,TH,43.3,10.34,66.0,Bangkok,113.27,0.7,THB,1.53,32.2,0.71,99.8,49.3,7.8,Bangkok,76.9,37.0,1.06,Thai,11.8,0.81,67.3,14.9,29.5,0.75,0.2153284671532846
174,174,174,East Timor,89.0,TL,25.6,29.42,670.0,Dili,145.38,2.6,USD,4.02,45.4,1.1,115.3,17.8,39.3,Dili,69.3,142.0,0.6,Portuguese,10.2,0.72,67.3,25.0,17.3,4.55,0.1943820224719101
175,175,175,Togo,152.0,TG,70.2,33.11,228.0,Lom�,113.3,0.7,XOF,4.32,3.1,0.71,123.8,14.5,47.4,Lom�,60.8,396.0,0.34,French,51.0,0.08,77.6,16.9,48.2,2.04,0.3171052631578948
176,176,176,Tonga,147.0,TO,45.8,24.3,676.0,Nuku����,121.09,7.4,TOP,3.56,12.5,1.002457142857143,116.3,6.4,13.4,Nuku����,70.8,52.0,2.1941333333333333,Tongan Language,10.2,0.52,59.8,22.3,27.5,1.12,0.1870748299319728
177,177,177,Trinidad and Tobago,273.0,TT,10.5,12.94,1.0,Port of Spain,141.75,1.0,TTD,1.73,46.0,0.54,106.2,12.0,16.4,Chaguanas,73.4,67.0,2.25,English,37.3,4.17,60.0,19.5,40.5,2.69,0.1483516483516483
178,178,178,Tunisia,76.0,TN,64.8,17.56,216.0,Tunis,155.33,6.7,TND,2.2,6.8,0.73,115.4,31.7,14.6,Tunis,76.5,43.0,0.47,Arabic,39.8,1.3,46.1,21.1,60.7,16.02,0.7986842105263158
179,179,179,Turkey,110.0,TR,49.8,16.03,90.0,Ankara,234.44,15.2,TRY,2.07,15.4,1.42,93.2,23.9,9.1,Istanbul,77.4,17.0,3.45,Turkish,16.9,1.85,52.8,17.9,42.3,13.49,0.3845454545454545
180,180,180,Turkmenistan,13.0,TM,72.0,23.83,993.0,Ashgabat,144.19359999999998,6.722346368715083,TMT,2.79,8.8,0.29,88.4,8.0,39.3,Ashgabat,68.1,7.0,0.88,Turkmen,71.1,2.22,64.5,16.57396449704142,40.822404371584696,3.91,1.3822105326959924
181,181,181,Tuvalu,393.0,TV,60.0,20.214973544973546,688.0,Funafuti,144.19359999999998,6.722346368715083,AUD,2.6981382978723403,33.3,1.002457142857143,86.0,37.96338797814208,20.6,Singapore,72.27967914438503,53.0,2.1941333333333333,Tuvaluan Language,0.7,0.92,62.73806818181818,16.57396449704142,40.822404371584696,6.886363636363637,1.3822105326959924
182,182,182,Uganda,229.0,UG,71.9,38.14,256.0,Kampala,173.87,2.9,UGX,4.96,9.7,0.94,102.7,4.8,33.8,Buganda,63.0,375.0,0.01,Swahili,40.5,0.17,70.3,11.7,33.7,1.84,0.1471615720524017
183,183,183,Ukraine,75.0,UA,71.7,8.7,380.0,Kyiv,281.66,7.9,UAH,1.3,16.7,0.83,99.0,82.7,7.5,Kyiv,71.6,19.0,0.84,Ukrainian,47.8,2.99,54.2,20.1,45.2,8.88,0.6026666666666667
184,184,184,United Arab Emirates,118.0,AE,5.5,10.33,971.0,Abu Dhabi,114.52,-1.9,AED,1.41,4.6,0.49,108.4,36.8,6.5,Dubai,77.8,3.0,2.1941333333333333,Arabic,17.8,2.53,82.1,0.1,15.9,2.35,0.1347457627118644
185,185,185,United Kingdom,281.0,GB,71.7,11.0,44.0,London,119.62,1.7,GBP,1.68,13.1,1.46,101.2,60.0,3.6,London,81.3,7.0,10.13,English,14.8,2.81,62.8,25.5,30.6,3.85,0.1088967971530249
186,186,186,United States,36.0,US,44.4,11.6,1.0,"Washington, D.C.",117.24,7.5,USD,1.73,33.9,0.71,101.8,88.2,5.6,New York City,78.5,19.0,7.25,English,11.1,2.61,62.0,9.6,36.6,14.7,1.0166666666666666
187,187,187,Uruguay,20.0,UY,82.6,13.86,598.0,Montevideo,202.92,7.9,UYU,1.97,10.7,1.5,108.5,63.1,6.4,Montevideo,77.8,17.0,1.66,Spanish,16.2,5.05,64.0,20.1,41.8,8.73,2.09
188,188,188,Uzbekistan,79.0,UZ,62.9,23.3,998.0,Tashkent,144.19359999999998,6.722346368715083,UZS,2.42,7.5,1.03,104.2,10.1,19.1,Tashkent,71.6,29.0,0.24,Uzbek,42.7,2.37,65.1,14.8,31.6,5.92,0.4
189,189,189,Vanuatu,25.0,VU,15.3,29.6,678.0,Port Vila,117.13,2.8,VUV,3.78,36.1,1.31,109.3,4.7,22.3,Port Vila,70.3,72.0,1.56,French,8.9,0.17,69.9,17.8,8.5,4.39,0.34
190,190,190,Venezuela,32.0,VE,24.5,17.88,58.0,Caracas,144.19359999999998,254.9,VED,2.27,52.7,0.0,97.2,79.3,21.4,Caracas,72.1,125.0,0.01,Spanish,45.8,1.92,59.7,16.57396449704142,73.3,8.8,2.290625
191,191,191,Vietnam,314.0,VN,39.3,16.75,84.0,Hanoi,163.52,2.8,VND,2.05,48.1,0.8,110.6,28.5,16.5,Ho Chi Minh City,75.3,43.0,0.73,Vietnamese,43.5,0.82,77.4,19.1,37.6,2.01,0.1197452229299363
192,192,192,Yemen,56.0,YE,44.6,30.45,967.0,Sanaa,157.58,8.1,YER,3.79,1.0,0.92,93.6,10.2,42.9,Sanaa,66.1,164.0,2.1941333333333333,Arabic,81.0,0.31,38.0,16.57396449704142,26.6,12.91,0.475
193,193,193,Zambia,25.0,ZM,32.1,36.19,260.0,Lusaka,212.31,9.2,ZMW,4.63,65.2,1.4,98.7,4.1,40.4,Lusaka,63.5,213.0,0.24,English,27.5,1.19,74.6,16.2,15.6,11.43,0.624
194,194,194,Zimbabwe,38.0,ZW,41.9,30.68,263.0,Harare,105.51,0.9,EUR,3.62,35.5,1.34,109.9,10.0,33.9,Harare,61.2,458.0,2.1941333333333333,Shona,25.8,0.21,83.1,20.7,31.6,4.95,0.8315789473684211
