,country,density,abbreviation,agricultural_land(_%),land_area,armed_forces_size,calling_code,capital/major_city,cpi,cpi_change_,currency-code,forested_area_,gasoline_price,gdp,gross_primary_education_enrollment_,gross_tertiary_education_enrollment_,largest_city,minimum_wage,official_language,out_of_pocket_health_expenditure,physicians_per_thousand,population,population_labor_force_participation_,tax_revenue_,total_tax_rate,unemployment_rate,urban_population,latitud,longitud,continent,birth_rate,co2-emissions,fertility_rate,infant_mortality,life_expectancy,maternal_mortality_ratio
0,Afghanistan,60.0,AF,58.1,652.23,323.0,93.0,Kabul,149.9,2.3,AFN,2.1,0.7,19101353833.0,104.0,9.7,Kabul,0.43,Pashto,78.4,0.28,38041754.0,48.9,9.3,71.4,11.12,9797273.0,33.93911,67.709953,Asia,32.49,8.672,4.47,47.9,64.5,638.0
1,Albania,105.0,AL,43.1,28.748,9.0,355.0,Tirana,119.05,1.4,ALL,28.1,1.36,15278077447.0,107.0,55.0,Tirana,1.12,Albanian,56.9,1.2,2854191.0,55.7,18.6,36.6,12.33,1747593.0,41.153332,20.168331,Europe,11.78,4.536,1.62,7.8,78.5,15.0
2,Algeria,18.0,DZ,17.4,,317.0,213.0,Algiers,151.36,2.0,DZD,0.8,0.28,169988236398.0,109.9,51.4,Algiers,0.95,Arabic,28.1,1.72,43053054.0,41.2,37.2,66.1,11.7,31510100.0,28.033886,1.659626,Africa,24.28,150.006,3.02,20.1,76.7,112.0
3,Andorra,164.0,AD,40.0,468.0,,376.0,Andorra la Vella,,,EUR,34.0,1.51,3154057987.0,106.4,,Andorra la Vella,6.63,Catalan,36.4,3.33,77142.0,,,,,67873.0,42.506285,1.521801,Europe,7.2,469.0,1.27,2.7,79.56,26.0
4,Angola,26.0,AO,47.5,,117.0,244.0,Luanda,261.73,17.1,AOA,46.3,0.97,94635415870.0,113.5,9.3,Luanda,0.71,Portuguese,33.4,0.21,31825295.0,77.5,9.2,49.1,6.89,21061025.0,-11.202692,17.873887,Africa,40.73,34.693,5.52,51.6,60.8,241.0
5,Antigua and Barbuda,223.0,AG,20.5,443.0,0.0,1.0,"St. John's, Saint John",113.81,1.2,XCD,22.3,0.99,1727759259.0,105.0,24.8,"St. John's, Saint John",3.04,English,24.3,2.76,97118.0,,16.5,43.0,,23800.0,17.060816,-61.796428,North America,15.33,557.0,1.99,5.0,76.9,42.0
6,Argentina,17.0,AR,54.3,,105.0,54.0,Buenos Aires,232.75,53.5,ARS,9.8,1.1,449663446954.0,109.7,90.0,Buenos Aires,3.35,Spanish,17.6,3.96,44938712.0,61.3,10.1,106.3,9.79,41339571.0,-38.416097,-63.616672,South America,17.02,201.348,2.26,8.8,76.5,39.0
7,Armenia,104.0,AM,58.9,29.743,49.0,374.0,Yerevan,129.18,1.4,AMD,11.7,0.77,13672802158.0,92.7,54.6,Yerevan,0.66,Armenian,81.6,4.4,2957731.0,55.6,20.9,22.6,16.99,1869848.0,40.069099,45.038189,Asia,13.99,5.156,1.76,11.0,74.9,26.0
8,Australia,3.0,AU,48.2,,58.0,61.0,Canberra,119.8,1.6,AUD,16.3,0.93,1392680589329.0,100.3,113.1,Sydney,13.59,Unknown,19.6,3.68,25766605.0,65.5,23.0,47.4,5.27,21844756.0,-25.274398,133.775136,Oceania,12.6,375.908,1.74,3.1,82.7,6.0
9,Austria,109.0,AT,32.4,83.871,21.0,43.0,Vienna,118.06,1.5,EUR,46.9,1.2,446314739528.0,103.1,85.1,Vienna,,German,17.9,5.17,8877067.0,60.7,25.4,51.4,4.67,5194416.0,47.516231,14.550072,Europe,9.7,61.448,1.47,2.9,81.6,5.0
10,Azerbaijan,123.0,AZ,57.7,86.6,82.0,994.0,Baku,156.32,2.6,AZN,14.1,0.56,39207000000.0,99.7,27.7,Baku,0.47,Azerbaijani language,78.6,3.45,10023318.0,66.5,13.0,40.7,5.51,5616165.0,40.143105,47.576927,Asia,14.0,37.62,1.73,19.2,72.9,26.0
11,The Bahamas,39.0,BS,1.4,13.88,1.0,1.0,"Nassau, Bahamas",116.22,2.5,Unknown,51.4,0.92,12827000000.0,81.4,15.1,"Nassau, Bahamas",5.25,English,27.8,1.94,389482.0,74.6,14.8,33.8,10.36,323784.0,25.03428,-77.39628,North America,13.97,1.786,1.75,8.3,73.8,70.0
12,Bahrain,2.239,BH,11.1,765.0,19.0,973.0,Manama,117.59,2.1,BHD,0.8,0.43,38574069149.0,99.4,50.5,Riffa,,Arabic,25.1,0.93,1501635.0,73.4,4.2,13.8,0.71,1467109.0,26.0667,50.5577,Asia,13.99,31.694,1.99,6.1,77.2,14.0
13,Bangladesh,1.265,BD,70.6,148.46,221.0,880.0,Dhaka,179.68,5.6,BDT,11.0,1.12,302571254131.0,116.5,20.6,Dhaka,0.51,Bengali,71.8,0.58,167310838.0,59.0,8.8,33.4,4.19,60987417.0,23.684994,90.356331,Asia,18.18,84.246,2.04,25.1,72.3,173.0
14,Barbados,668.0,BB,23.3,430.0,1.0,1.0,Bridgetown,134.09,4.1,BBD,14.7,1.81,5209000000.0,99.4,65.4,Bridgetown,3.13,English,45.2,2.48,287025.0,65.2,27.5,35.6,10.33,89431.0,13.193887,-59.543198,North America,10.65,1.276,1.62,11.3,79.1,27.0
15,Belarus,47.0,BY,42.0,207.6,155.0,375.0,Minsk,,5.6,BYN,42.6,0.6,63080457023.0,100.5,87.4,Minsk,1.49,Russian,34.5,5.19,9466856.0,64.1,14.7,53.3,4.59,7482982.0,53.709807,27.953389,Europe,9.9,58.28,1.45,2.6,74.2,2.0
16,Belgium,383.0,BE,44.6,30.528,32.0,32.0,City of Brussels,117.11,1.4,EUR,22.6,1.43,529606710418.0,103.9,79.7,Brussels,10.31,French,17.6,3.07,11484055.0,53.6,24.0,55.4,5.59,11259082.0,50.503887,4.469936,Europe,10.3,96.889,1.62,2.9,81.6,5.0
17,Belize,17.0,BZ,7.0,22.966,2.0,501.0,Belmopan,105.68,-0.9,BZD,59.7,1.13,1879613600.0,111.7,24.7,Belize City,1.65,English,22.7,1.12,390353.0,65.1,26.3,31.1,6.41,179039.0,17.189877,-88.49765,North America,20.79,568.0,2.31,11.2,74.5,36.0
18,Benin,108.0,BJ,33.3,112.622,12.0,229.0,Porto-Novo,110.71,-0.9,XOF,37.8,0.72,14390709095.0,122.0,12.3,Cotonou,0.39,French,40.5,0.08,11801151.0,70.9,10.8,48.9,2.23,5648149.0,9.30769,2.315834,Africa,36.22,6.476,4.84,60.5,61.5,397.0
19,Bhutan,20.0,BT,13.6,38.394,6.0,975.0,Thimphu,167.18,2.7,Unknown,72.5,0.98,2446674101.0,100.1,15.6,Thimphu,0.32,Dzongkha,19.8,0.42,727145.0,66.7,16.0,35.3,2.34,317538.0,27.514162,90.433601,Asia,17.26,1.261,1.98,24.8,71.5,183.0
20,Bolivia,11.0,BO,34.8,,71.0,591.0,Sucre,148.32,1.8,BOB,50.3,0.71,40895322865.0,98.2,,Santa Cruz de la Sierra,1.36,Spanish,25.9,1.59,11513100.0,71.8,17.0,83.7,3.5,8033035.0,-16.290154,-63.588653,South America,21.75,21.606,2.73,21.8,71.2,155.0
21,Bosnia and Herzegovina,64.0,BA,43.1,51.197,11.0,387.0,Sarajevo,104.9,0.6,BAM,42.7,1.05,20047848435.0,,23.3,Tuzla Canton,1.04,Bosnian,28.6,2.16,3301000.0,46.4,20.4,23.7,18.42,1605144.0,43.915886,17.679076,Europe,8.11,21.848,1.27,5.0,77.3,10.0
22,Botswana,4.0,BW,45.6,581.73,9.0,267.0,Gaborone,149.75,2.8,BWP,18.9,0.71,18340510789.0,103.2,24.9,Gaborone,0.29,English,5.3,0.37,2346179.0,70.8,19.5,25.1,18.19,1616550.0,-22.328474,24.684866,Africa,24.82,6.34,2.87,30.0,69.3,144.0
23,Brazil,25.0,BR,33.9,,730.0,55.0,Bras���,167.4,3.7,BRL,58.9,1.02,1839758040766.0,115.4,51.3,S����,1.53,Portuguese,28.3,2.15,212559417.0,63.9,14.2,65.1,12.08,183241641.0,-14.235004,-51.92528,South America,13.92,462.299,1.73,12.8,75.7,60.0
24,Brunei,83.0,BN,2.7,5.765,8.0,673.0,Bandar Seri Begawan,99.03,-0.4,BND,72.1,0.37,13469422941.0,103.2,31.4,Unknown,,Malay,6.0,1.61,433285.0,64.7,,8.0,9.12,337711.0,4.535277,114.727669,Asia,14.9,7.664,1.85,9.8,75.7,31.0
25,Bulgaria,64.0,BG,46.3,110.879,31.0,359.0,Sofia,114.42,3.1,BGN,35.4,1.11,86000000000.0,89.3,71.0,Sofia,1.57,Bulgarian,47.7,4.03,6975761.0,55.4,20.2,28.3,4.34,5256027.0,42.733883,25.48583,Europe,8.9,41.708,1.56,5.9,74.9,10.0
26,Burkina Faso,76.0,BF,44.2,274.2,11.0,226.0,Ouagadougou,106.58,-3.2,XOF,19.3,0.98,15745810235.0,96.1,6.5,Ouagadougou,0.34,French,36.1,0.08,20321378.0,66.4,15.0,41.3,6.26,6092349.0,12.238333,-1.561593,Africa,37.93,3.418,5.19,49.0,61.2,320.0
27,Burundi,463.0,BI,79.2,27.83,31.0,257.0,Bujumbura,182.11,-0.7,BIF,10.9,1.21,3012334882.0,121.4,6.1,Bujumbura,,Kirundi,19.1,0.1,11530580.0,79.2,13.6,41.2,1.43,1541177.0,-3.373056,29.918886,Africa,39.01,495.0,5.41,41.0,61.2,548.0
28,Ivory Coast,83.0,CI,64.8,322.463,27.0,225.0,Yamoussoukro,111.61,-0.9,XOF,32.7,0.93,58792205642.0,99.8,9.3,Abidjan,0.36,French,36.0,0.23,25716544.0,57.0,11.8,50.1,3.32,13176900.0,7.539989,-5.54708,Africa,35.74,9.674,4.65,59.4,57.4,617.0
29,Cape Verde,138.0,CV,19.6,4.033,1.0,238.0,Praia,110.5,1.1,CVE,22.5,1.02,1981845741.0,104.0,23.6,Praia,0.68,Portuguese,23.2,0.77,483628.0,60.5,20.1,37.5,12.25,364029.0,16.5388,-23.0418,Africa,19.49,543.0,2.27,16.7,72.8,58.0
30,Cambodia,95.0,KH,30.9,181.035,191.0,855.0,Phnom Penh,127.63,2.5,Unknown,52.9,0.9,27089389787.0,107.4,13.7,Phnom Penh,,Khmer language,59.4,0.17,16486542.0,82.3,17.1,23.1,0.68,3924621.0,12.565679,104.990963,Asia,22.46,9.919,2.5,24.0,69.6,160.0
31,Cameroon,56.0,CM,20.6,475.44,24.0,237.0,Yaound�,118.65,2.5,XAF,39.3,1.03,38760467033.0,103.4,12.8,Douala,0.35,French,69.7,0.09,25876380.0,76.1,12.8,57.7,3.38,14741256.0,7.369722,12.354722,Africa,35.39,8.291,4.57,50.6,58.9,529.0
32,Canada,4.0,CA,6.9,,72.0,1.0,Ottawa,116.76,1.9,CAD,38.2,0.81,1736425629520.0,100.9,68.9,Toronto,9.51,French,14.6,2.61,36991981.0,65.1,12.8,24.5,5.56,30628482.0,56.130366,-106.346771,North America,10.1,544.894,1.5,4.3,81.9,10.0
33,Central African Republic,8.0,CF,8.2,622.984,8.0,236.0,Bangui,186.86,37.1,Unknown,35.6,1.41,2220307369.0,102.0,3.0,Bangui,0.37,French,39.6,0.06,4745185.0,72.0,8.6,73.3,3.68,1982064.0,6.611111,20.939444,Africa,35.35,297.0,4.72,84.5,52.8,829.0
34,Chad,13.0,TD,39.7,,35.0,235.0,N'Djamena,117.7,-1.0,XAF,3.8,0.78,11314951343.0,86.8,3.3,N'Djamena,0.6,French,56.4,0.04,15946876.0,70.7,,63.5,1.89,3712273.0,15.454166,18.732207,Africa,42.17,1.016,5.75,71.4,54.0,1140.0
35,Chile,26.0,CL,21.2,756.096,122.0,56.0,Santiago,131.91,2.6,CLP,24.3,1.03,282318159745.0,101.4,88.5,Santiago,2.0,Spanish,32.2,2.59,18952038.0,62.6,18.2,34.0,7.09,16610135.0,-35.675147,-71.542969,South America,12.43,85.822,1.65,6.2,80.0,13.0
36,China,153.0,CN,56.2,,,86.0,Beijing,125.08,2.9,CNY,22.4,0.96,19910000000000.0,100.2,50.6,Shanghai,0.87,Standard Chinese,32.4,1.98,1397715000.0,68.0,9.4,59.2,4.32,842933962.0,35.86166,104.195397,Asia,10.9,126.18910281276015,1.69,7.4,77.0,29.0
37,Colombia,46.0,CO,40.3,,481.0,57.0,Bogot�,140.95,3.5,COP,52.7,0.68,323802808108.0,114.5,55.3,Bogot�,1.23,Spanish,18.3,2.18,50339443.0,68.8,14.4,71.2,9.71,40827302.0,4.570868,-74.297333,South America,14.88,97.814,1.81,12.2,77.1,83.0
38,Comoros,467.0,KM,71.5,2.235,,269.0,"Moroni, Comoros",103.62,-4.3,KMF,19.7,,1185728677.0,99.5,9.0,"Moroni, Comoros",0.71,French,74.8,0.27,850886.0,43.3,,219.6,4.34,248152.0,-11.6455,43.3333,Africa,31.88,202.0,4.21,51.3,64.1,273.0
39,Republic of the Congo,16.0,Unknown,31.1,342.0,12.0,242.0,Brazzaville,124.74,2.2,XAF,65.4,0.97,10820591131.0,106.6,12.7,Brazzaville,0.88,French,43.8,0.12,5380508.0,69.4,9.0,54.3,9.47,3625010.0,-0.228021,15.827659,Africa,32.86,3.282,4.43,36.2,64.3,378.0
40,Costa Rica,100.0,CR,34.5,51.1,10.0,506.0,San Jos������,128.85,2.1,CRC,54.6,0.98,61773944174.0,113.3,55.2,San Jos������,1.84,Spanish,21.5,2.89,5047561.0,62.1,13.6,58.3,11.85,4041885.0,9.748917,-83.753428,Africa,13.97,8.023,1.75,7.6,80.1,27.0
41,Croatia,73.0,HR,27.6,56.594,18.0,385.0,Zagreb,109.82,0.8,HRK,34.4,1.26,60415553039.0,96.5,67.9,Zagreb,2.92,Croatian,15.2,3.0,4067500.0,51.2,22.0,20.5,6.93,2328318.0,45.1,15.2,Europe,9.0,17.488,1.47,4.0,78.1,8.0
42,Cuba,106.0,CU,59.9,110.86,76.0,53.0,Havana,,,CUP,31.3,1.4,100023000000.0,101.9,41.4,Havana,0.05,Spanish,,8.42,11333483.0,53.6,,,1.64,8739135.0,21.521757,-77.781167,Unknown,10.17,28.284,1.62,3.7,78.7,36.0
43,Cyprus,131.0,CY,12.2,9.251,16.0,357.0,Nicosia,102.51,0.3,EUR,18.7,1.23,24564647935.0,99.3,75.9,Statos�������,,Greek,43.9,1.95,1198575.0,63.1,24.5,22.4,7.27,800708.0,35.126413,33.429859,Europe,10.46,6.626,1.33,1.9,80.8,6.0
44,Czech Republic,139.0,CZ,45.2,78.867,23.0,420.0,Prague,116.48,2.8,CZK,34.6,1.17,246489245495.0,100.7,64.1,Prague,3.0,Czech,14.8,4.12,10669709.0,60.6,14.9,46.1,1.93,7887156.0,49.817492,15.472962,Europe,10.7,102.218,1.69,2.7,79.0,3.0
45,Democratic Republic of the Congo,40.0,CD,11.6,,134.0,243.0,Kinshasa,133.85,2.9,CDF,67.2,1.49,47319624204.0,108.0,6.6,Kinshasa,0.18,French,37.4,0.07,86790567.0,63.5,10.7,50.7,4.24,39095679.0,-4.038333,21.758664,Africa,41.18,2.021,5.92,68.2,60.4,473.0
46,Denmark,137.0,DK,62.0,43.094,15.0,45.0,Copenhagen,110.35,0.8,DKK,14.7,1.55,348078018464.0,101.3,80.6,Copenhagen,,Danish,13.7,4.01,5818553.0,62.2,32.4,23.8,4.91,5119978.0,56.26392,9.501785,Europe,10.6,31.786,1.73,3.6,81.0,4.0
47,Djibouti,43.0,DJ,73.4,23.2,13.0,253.0,Djibouti City,120.25,3.3,DJF,0.2,1.32,3318716359.0,75.3,5.3,Djibouti City,,French,20.4,0.22,973560.0,60.2,,37.9,10.3,758549.0,11.825138,42.590275,Africa,21.47,620.0,2.73,49.8,66.6,248.0
48,Dominica,96.0,DM,33.3,751.0,,1.0,Roseau,103.87,1.0,XCD,57.4,,596033333.0,114.7,7.2,Roseau,1.48,English,28.4,1.08,71808.0,,22.1,32.6,,50830.0,15.414999,-61.370976,North America,12.0,180.0,1.9,32.9,76.6,99.2
49,Dominican Republic,225.0,DO,48.7,48.67,71.0,1.0,Santo Domingo,135.5,1.8,DOP,41.7,1.07,88941298258.0,105.7,59.9,Santo Domingo,0.4,Spanish,43.7,1.56,10738958.0,64.3,13.0,48.8,5.84,8787475.0,18.735693,-70.162651,North America,19.51,25.258,2.35,24.1,73.9,95.0
50,Ecuador,71.0,EC,22.2,283.561,41.0,593.0,Quito,124.14,0.3,USD,50.2,0.61,107435665000.0,103.3,44.9,Quito,2.46,Spanish,43.7,2.04,17373662.0,68.0,,34.4,3.97,11116711.0,-1.831239,-78.183406,South America,19.72,41.155,2.43,12.2,76.8,59.0
51,Egypt,103.0,EG,3.8,,836.0,20.0,Cairo,288.57,9.2,EGP,0.1,0.4,303175127598.0,106.3,35.2,Cairo,,Modern Standard Arabic,62.0,0.45,100388073.0,46.4,12.5,44.4,10.76,42895824.0,26.820553,30.802498,Africa,26.38,238.56,3.33,18.1,71.8,37.0
52,El Salvador,313.0,SV,76.4,21.041,42.0,503.0,San Salvador,111.23,0.1,Unknown,12.6,0.83,27022640000.0,94.8,29.4,San Salvador,0.5,Spanish,27.9,1.57,6453553.0,59.1,18.1,36.4,4.11,4694702.0,13.794185,-88.89653,North America,18.25,7.169,2.04,11.8,73.1,46.0
53,Equatorial Guinea,50.0,GQ,10.1,28.051,1.0,240.0,Malabo,124.35,1.2,XAF,55.5,,11026774945.0,61.8,1.9,Malabo,1.05,Spanish,72.0,0.4,1355986.0,62.0,6.1,79.4,6.43,984812.0,1.650801,10.267895,Africa,33.24,5.655,4.51,62.6,58.4,301.0
54,Eritrea,35.0,ER,75.2,117.6,202.0,291.0,Asmara,,,ERN,14.9,2.0,2065001626.0,68.4,3.4,Asmara,,Tigrinya,52.4,0.06,6333135.0,78.4,,83.7,5.14,1149670.0,15.179384,39.782334,Africa,30.3,711.0,4.06,31.3,65.9,480.0
55,Estonia,31.0,EE,23.1,45.228,6.0,372.0,Tallinn,122.14,2.3,EUR,51.3,1.14,31386949981.0,97.2,69.6,Tallinn,3.14,Estonian,22.8,4.48,1331824.0,63.6,20.9,47.8,5.11,916024.0,58.595272,25.013607,Europe,10.9,16.59,1.59,2.1,78.2,9.0
56,Eswatini,67.0,Unknown,,17.364,,268.0,Mbabane,,,Unknown,,,3791304348.0,,,Mbabane,,English,11.3,,1093238.0,,28.6,,,,-26.522503,31.465866,Africa,20.21483354705723,125.9266016636291,2.6981382978723403,21.33280423280424,72.27967914438503,160.39226519337018
57,Ethiopia,115.0,ET,36.3,,138.0,251.0,Addis Ababa,143.86,15.8,ETB,12.5,0.75,96107662398.0,101.0,8.1,Addis Ababa,,Amharic,37.8,0.08,112078730.0,79.6,7.5,37.7,2.08,23788710.0,9.145,40.489673,Africa,32.34,14.87,4.25,39.1,66.2,401.0
58,Fiji,49.0,FJ,23.3,18.274,4.0,679.0,Suva,132.3,1.8,FJD,55.9,0.82,5535548972.0,106.4,16.1,Suva,1.28,Fiji Hindi,21.4,0.84,889953.0,57.6,24.2,32.1,4.1,505048.0,-17.713371,178.065032,Oceania,21.28,2.046,2.77,21.6,67.3,34.0
59,Finland,18.0,FI,7.5,338.145,25.0,358.0,Helsinki,112.33,1.0,EUR,73.1,1.45,268761201365.0,100.2,88.2,Helsinki,,Swedish,19.9,3.81,5520314.0,59.1,20.8,36.6,6.59,4716888.0,61.92411,25.748151,Europe,8.6,45.871,1.41,1.4,81.7,3.0
60,France,119.0,FR,52.4,643.801,307.0,33.0,Paris,110.05,1.1,EUR,31.2,1.39,2715518274227.0,102.5,65.6,Paris,11.16,French,6.8,3.27,67059887.0,55.1,24.2,60.7,8.43,54123364.0,46.227638,2.213749,Europe,11.3,303.276,1.88,3.4,82.5,8.0
61,Gabon,9.0,GA,20.0,267.667,7.0,241.0,Libreville,122.19,2.1,XAF,90.0,0.92,16657960228.0,139.9,8.3,Libreville,1.46,French,25.9,0.68,2172579.0,52.9,10.2,47.1,20.0,1949694.0,-0.803689,11.609444,Africa,31.61,5.321,3.97,32.7,66.2,252.0
62,The Gambia,239.0,GM,59.8,11.3,1.0,220.0,Banjul,172.73,7.1,GMD,48.4,1.18,1763819048.0,98.0,2.7,Serekunda,0.13,English,20.3,0.1,2347706.0,59.4,9.4,48.4,9.06,1453958.0,13.443182,-15.310139,Africa,38.54,532.0,5.22,39.0,61.7,597.0
63,Georgia,57.0,GE,34.5,69.7,26.0,995.0,Tbilisi,133.61,4.9,GEL,40.6,0.76,17743195770.0,98.6,63.9,Tbilisi,0.05,Georgian,57.3,7.12,3720382.0,68.3,21.7,9.9,14.4,2196476.0,42.315407,43.356892,Asia,13.47,10.128,2.06,8.7,73.6,25.0
64,Germany,240.0,DE,47.7,357.022,180.0,49.0,Berlin,112.85,1.4,EUR,32.7,1.39,3845630030824.0,104.0,70.2,Berlin,9.99,German,12.5,4.25,83132799.0,60.8,11.5,48.8,3.04,64324835.0,51.165691,10.451526,Europe,9.5,727.973,1.56,3.1,80.9,7.0
65,Ghana,137.0,GH,69.0,238.533,16.0,233.0,Accra,268.36,7.2,GHS,41.2,0.92,66983634224.0,104.8,15.7,Accra,0.27,English,36.1,0.14,30792608.0,67.8,12.6,55.4,4.33,17249054.0,7.946527,-1.023194,Africa,29.41,16.67,3.87,34.9,63.8,308.0
66,Greece,81.0,GR,47.6,131.957,146.0,30.0,Athens,101.87,0.2,EUR,31.7,1.54,209852761469.0,99.6,136.6,Macedonia,4.46,Greek,35.5,5.48,10716322.0,51.8,26.2,51.9,17.24,8507474.0,39.074208,21.824312,Europe,8.1,62.434,1.35,3.6,81.3,3.0
67,Grenada,331.0,GD,23.5,349.0,,1.0,"St. George's, Grenada",107.43,0.8,XCD,50.0,1.12,1228170370.0,106.9,104.6,"St. George's, Grenada",,English,57.0,1.41,112003.0,,19.4,47.8,,40765.0,12.1165,-61.679,North America,16.47,268.0,2.06,13.7,72.4,25.0
68,Guatemala,167.0,GT,36.0,108.889,43.0,502.0,Guatemala City,142.92,3.7,GTQ,32.7,0.79,76710385880.0,101.9,21.8,Guatemala City,1.6,Spanish,55.8,0.35,16604026.0,62.3,10.6,35.2,2.46,8540945.0,15.783471,-90.230759,North America,24.56,16.777,2.87,22.1,74.1,95.0
69,Guinea,53.0,GN,59.0,245.857,13.0,224.0,Conakry,262.95,9.5,GNF,25.8,0.9,13590281809.0,91.5,11.6,Kankan,,French,54.5,0.08,12771246.0,61.5,10.8,69.3,4.3,4661505.0,9.945587,-9.696645,Africa,36.36,2.996,4.7,64.9,61.2,576.0
70,Guinea-Bissau,70.0,GW,58.0,36.125,4.0,245.0,Bissau,111.65,1.4,XOF,69.8,,1340389411.0,118.7,2.6,Bissau,0.16,Portuguese,37.2,0.13,1920922.0,72.0,10.3,45.5,2.47,840922.0,11.803749,-15.180413,Africa,35.13,293.0,4.48,54.0,58.0,667.0
71,Guyana,4.0,GY,8.6,214.969,3.0,592.0,"Georgetown, Guyana",116.19,2.1,GYD,83.9,0.9,4280443645.0,97.8,11.6,"Georgetown, Guyana",0.98,English,40.5,0.8,782766.0,56.2,,30.6,11.85,208912.0,4.860416,-58.93018,South America,19.97,2.384,2.46,25.1,69.8,169.0
72,Haiti,414.0,HT,66.8,27.75,0.0,509.0,Port-au-Prince,179.29,12.5,HTG,3.5,0.81,8498981821.0,113.6,1.1,Port-au-Prince,0.25,French,36.3,0.23,11263077.0,67.2,,42.7,13.78,6328948.0,18.971187,-72.285215,North America,24.35,2.978,2.94,49.5,63.7,480.0
73,Vatican City,2.003,Unknown,,0.0,,379.0,Vatican City,,,EUR,,,,,,Unknown,,Italian,,,836.0,,,,,,41.902916,12.453389,Unknown,20.21483354705723,125.9266016636291,2.6981382978723403,21.33280423280424,72.27967914438503,160.39226519337018
74,Honduras,89.0,HN,28.9,112.09,23.0,504.0,Tegucigalpa,150.34,4.4,HNL,40.0,0.98,25095395475.0,91.5,26.2,Tegucigalpa,1.01,Spanish,49.1,0.31,9746117.0,68.8,17.3,39.1,5.39,5626433.0,15.199999,-86.241905,North America,21.6,9.813,2.46,15.1,75.1,65.0
75,Hungary,107.0,HU,58.4,93.028,40.0,36.0,Budapest,121.64,3.3,HUF,22.9,1.18,160967157504.0,100.8,48.5,Budapest,2.62,Hungarian,29.0,3.41,9769949.0,56.5,23.0,37.9,3.4,6999582.0,47.162494,19.503304,Europe,9.6,45.537,1.54,3.6,75.8,12.0
76,Iceland,3.0,IS,18.7,103.0,0.0,354.0,Reykjav��,129.0,3.0,ISK,0.5,1.69,24188035739.0,100.4,71.8,Reykjav��,,Icelandic,17.0,4.08,361313.0,75.0,23.3,31.9,2.84,339110.0,64.963051,-19.020835,Europe,12.0,2.065,1.71,1.5,82.7,4.0
77,India,464.0,IN,60.4,,,91.0,New Delhi,180.44,7.7,INR,23.8,0.97,2611000000000.0,113.0,28.1,Kurebhar,0.3,Hindi,65.1,0.86,1366417754.0,49.3,11.2,49.7,5.36,471031528.0,20.593684,78.96288,Asia,17.86,125.94647394269994,2.22,29.9,69.4,145.0
78,Indonesia,151.0,ID,31.5,,676.0,62.0,Jakarta,151.18,3.0,IDR,49.9,0.63,1119190780753.0,106.4,36.3,Kalimantan,0.48,Indonesian,48.3,0.43,270203917.0,67.5,10.2,30.1,4.69,151509724.0,-0.789275,113.921327,Asia,18.07,563.325,2.31,21.1,71.5,177.0
79,Iran,52.0,IR,28.2,,563.0,98.0,Tehran,550.93,39.9,IRR,6.6,0.4,445345282123.0,110.7,68.1,Tehran,1.58,Persian,39.7,1.58,82913906.0,44.7,7.4,44.7,11.38,62509623.0,32.427908,53.688046,Asia,18.78,661.71,2.14,12.4,76.5,16.0
80,Iraq,93.0,IQ,21.4,438.317,209.0,964.0,Baghdad,119.86,0.4,IQD,1.9,0.61,234094042939.0,108.7,16.2,Baghdad,1.24,Arabic,76.5,0.71,39309783.0,43.0,2.0,30.8,12.82,27783368.0,33.223191,43.679291,Asia,29.08,190.061,3.67,22.5,70.5,79.0
81,Republic of Ireland,72.0,Unknown,64.5,70.273,9.0,353.0,Dublin,106.58,0.9,EUR,11.0,1.37,388698711348.0,100.9,77.8,Connacht,10.79,Irish,15.2,3.31,5007069.0,62.1,18.3,26.1,4.93,3133123.0,53.41291,-8.24389,Europe,12.5,37.711,1.75,3.1,82.3,5.0
82,Israel,400.0,IL,24.6,20.77,178.0,972.0,Jerusalem,108.15,0.8,ILS,7.7,1.57,395098666122.0,104.9,63.4,Jerusalem,7.58,Hebrew,24.4,4.62,9053300.0,64.0,23.1,25.3,3.86,8374393.0,31.046051,34.851612,Asia,20.8,65.166,3.09,3.0,82.8,3.0
83,Italy,206.0,IT,43.2,301.34,347.0,39.0,Rome,110.62,0.6,EUR,31.8,1.61,2001244392042.0,101.9,61.9,Rome,,Italian,22.8,3.98,60297396.0,49.6,24.3,59.1,9.89,42651966.0,41.87194,12.56738,Europe,7.3,320.411,1.29,2.6,82.9,2.0
84,Jamaica,273.0,JM,41.0,10.991,4.0,1876.0,"Kingston, Jamaica",162.47,3.9,JMD,30.9,1.11,16458071068.0,91.0,27.1,"Kingston, Jamaica",1.33,Jamaican English,23.7,1.31,2948279.0,66.0,26.8,35.1,8.0,1650594.0,18.109581,-77.297508,North America,16.1,8.225,1.98,12.4,74.4,80.0
85,Japan,347.0,JP,12.3,377.944,261.0,81.0,Tokyo,105.48,0.5,Unknown,68.5,1.06,5081769542380.0,98.8,63.2,Tokyo,6.77,Unknown,13.1,2.41,126226568.0,61.7,11.9,46.7,2.29,115782416.0,36.204824,138.252924,Asia,7.4,126.24038676881388,1.42,1.8,84.2,5.0
86,Jordan,115.0,JO,12.0,89.342,116.0,962.0,Amman,125.6,0.8,JOD,1.1,1.1,43743661972.0,81.5,34.4,Amman,1.49,Arabic,25.1,2.32,10101694.0,39.3,15.1,28.6,14.72,9213048.0,30.585164,36.238414,Asia,21.98,25.108,2.76,13.9,74.4,46.0
87,Kazakhstan,7.0,KZ,80.4,,71.0,7.0,Astana,182.75,5.2,KZT,1.2,0.42,180161741180.0,104.4,61.7,Almaty,0.41,Russian,38.8,3.25,18513930.0,68.8,11.7,28.4,4.59,10652915.0,48.019573,66.923684,Asia,21.77,247.207,2.84,8.8,73.2,10.0
88,Kenya,94.0,KE,48.5,580.367,29.0,254.0,Nairobi,180.51,4.7,KES,7.8,0.95,95503088538.0,103.2,11.5,Nairobi,0.25,Swahili,33.4,0.16,52573973.0,74.7,15.1,37.2,2.64,14461523.0,-0.023559,37.906193,Africa,28.75,17.91,3.49,30.6,66.3,342.0
89,Kiribati,147.0,KI,42.0,811.0,,686.0,South Tarawa,99.55,0.6,AUD,15.0,,194647202.0,101.3,,South Tarawa,,English,0.2,0.2,117606.0,,22.0,32.7,,64489.0,1.8368976,-157.3768317,Oceania,27.89,66.0,3.57,41.2,68.1,92.0
90,Kuwait,240.0,KW,8.4,17.818,25.0,965.0,Kuwait City,126.6,1.1,KWD,0.4,0.35,134761198946.0,92.4,54.4,Kuwait City,0.95,Modern Standard Arabic,14.4,2.58,4207083.0,73.5,1.4,13.0,2.18,4207083.0,29.31166,47.481766,Asia,13.94,98.734,2.08,6.7,75.4,12.0
91,Kyrgyzstan,34.0,KG,55.0,199.951,21.0,996.0,Bishkek,155.68,1.1,KGS,3.3,0.56,8454619608.0,107.6,41.3,Bishkek,0.09,Russian,48.2,1.88,6456900.0,59.8,18.0,29.0,6.33,2362644.0,41.20438,74.766098,Asia,27.1,9.787,3.3,16.9,71.4,60.0
92,Laos,32.0,LA,10.3,236.8,129.0,856.0,Vientiane,135.87,3.3,LAK,82.1,0.93,18173839128.0,102.4,15.0,Vientiane,0.83,Lao,45.4,0.37,7169455.0,78.5,12.9,24.1,0.63,2555552.0,19.85627,102.495496,Asia,23.55,17.763,2.67,37.6,67.6,185.0
93,Latvia,30.0,LV,31.1,64.589,6.0,371.0,Riga,116.86,2.8,EUR,54.0,1.16,34117202555.0,99.4,88.1,Riga,2.8,Latvian,41.6,3.19,1912789.0,61.4,22.9,38.1,6.52,1304943.0,56.879635,24.603189,Europe,10.0,7.004,1.6,3.3,74.7,19.0
94,Lebanon,667.0,LB,64.3,10.4,80.0,961.0,Beirut,130.02,3.0,LBP,13.4,0.74,53367042272.0,95.1,26.3,"Tripoli, Lebanon",2.15,Arabic,32.1,2.1,6855713.0,47.0,15.3,32.2,6.23,6084994.0,33.854721,35.862285,Asia,17.55,24.796,2.09,6.4,78.9,29.0
95,Lesotho,71.0,LS,77.6,30.355,2.0,266.0,Maseru,155.86,5.2,Unknown,1.6,0.7,2460072444.0,120.9,10.2,Maseru,0.41,English,16.9,0.07,2125268.0,67.9,31.6,13.6,23.41,607508.0,-29.609988,28.233608,Africa,26.81,2.512,3.14,65.7,53.7,544.0
96,Liberia,53.0,LR,28.0,111.369,2.0,231.0,Monrovia,223.13,23.6,Unknown,43.1,0.8,3070518100.0,85.1,11.9,Monrovia,0.17,English,19.6,0.04,4937374.0,76.3,12.9,46.2,2.81,2548426.0,6.428055,-9.429499,Africa,33.04,1.386,4.32,53.5,63.7,661.0
97,Libya,4.0,LY,8.7,,0.0,218.0,Unknown,125.71,2.6,LYD,0.1,0.11,52076250948.0,109.0,60.5,Unknown,1.88,Arabic,36.7,2.09,6777452.0,49.7,,32.6,18.56,5448597.0,26.3351,17.228331,Africa,18.83,50.564,2.24,10.2,72.7,72.0
98,Liechtenstein,238.0,LI,32.2,160.0,,423.0,Vaduz,,,CHF,43.1,1.74,6552858739.0,104.7,35.6,Schaan,,German,,,38019.0,,,21.6,,5464.0,47.1410392,9.520935,Europe,9.9,51.0,1.44,2.72,83.0,12.8
99,Lithuania,43.0,LT,47.2,65.3,34.0,370.0,Vilnius,118.38,2.3,EUR,34.8,1.16,54219315600.0,103.9,72.4,Vilnius,2.41,Lithuanian,32.1,6.35,2786844.0,61.6,16.9,42.6,6.35,1891013.0,55.169438,23.881275,Europe,10.0,12.963,1.63,3.3,75.7,8.0
100,Luxembourg,242.0,LU,53.7,2.586,2.0,352.0,Luxembourg City,115.09,1.7,EUR,35.7,1.19,71104919108.0,102.3,19.2,Luxembourg City,13.05,Luxembourgish,10.6,3.01,645397.0,59.3,26.5,20.4,5.36,565488.0,49.815273,6.129583,Europe,10.3,8.988,1.37,1.9,82.1,5.0
101,Madagascar,48.0,MG,71.2,587.041,22.0,261.0,Antananarivo,184.33,5.6,MGA,21.4,1.11,14083906357.0,142.5,5.4,Antananarivo,0.21,French,21.7,0.18,26969307.0,86.1,10.2,38.3,1.76,10210849.0,-18.766947,46.869107,Africa,32.66,3.905,4.08,38.2,66.7,335.0
102,Malawi,203.0,MW,61.4,118.484,15.0,265.0,Lilongwe,418.34,9.4,MWK,33.2,1.15,7666704427.0,142.5,0.8,Lilongwe,0.12,English,11.0,0.04,18628747.0,76.7,17.3,34.5,5.65,3199301.0,-13.254308,34.301525,Africa,34.12,1.298,4.21,35.3,63.8,349.0
103,Malaysia,99.0,MY,26.3,329.847,136.0,60.0,Kuala Lumpur,121.46,0.7,MYR,67.6,0.45,364701517788.0,105.3,45.1,Johor Bahru,0.93,Malaysian language,36.7,1.51,32447385.0,64.3,12.0,38.7,3.32,24475766.0,4.210484,101.975766,Asia,16.75,248.289,2.0,6.7,76.0,29.0
104,Maldives,1.802,MV,26.3,298.0,5.0,960.0,Mal�,99.7,0.2,Unknown,3.3,1.63,5729248472.0,97.1,31.2,Mal�,,Divehi,16.4,4.56,530953.0,69.8,19.5,30.2,6.14,213645.0,3.202778,73.22068,Asia,14.2,1.445,1.87,7.4,78.6,53.0
105,Mali,17.0,ML,33.8,,18.0,223.0,Bamako,108.73,-1.7,XOF,3.8,1.12,17510141171.0,75.6,4.5,Bamako,0.23,French,46.3,0.13,19658031.0,70.8,11.6,54.5,7.22,8479688.0,17.570692,-3.996166,Unknown,41.54,3.179,5.88,62.0,58.9,562.0
106,Malta,1.38,MT,32.4,316.0,2.0,356.0,Valletta,113.45,1.6,EUR,1.1,1.36,14786156563.0,105.0,54.3,Birkirkara,5.07,Maltese,37.1,2.86,502653.0,56.5,26.2,44.0,3.47,475902.0,35.937496,14.375416,Europe,9.2,1.342,1.23,6.1,82.3,6.0
107,Marshall Islands,329.0,MH,63.9,181.0,,692.0,Majuro,,,USD,70.2,1.44,221278000.0,84.7,23.7,Majuro,2.0,Marshallese,10.0,0.42,58791.0,,17.8,65.9,,45514.0,7.131474,171.184478,Oceania,29.03,143.0,4.05,27.4,65.2,93.8
108,Mauritania,5.0,MR,38.5,,21.0,222.0,Nouakchott,135.02,2.3,MRU,0.2,1.13,7593752450.0,99.9,5.0,Nouakchott,0.53,Arabic,48.2,0.19,4525696.0,45.9,,67.0,9.55,2466821.0,21.00789,-10.940835,Africa,33.69,2.739,4.56,51.5,64.7,766.0
109,Mauritius,626.0,MU,42.4,2.04,3.0,230.0,Port Louis,129.91,0.4,MUR,19.0,1.12,14180444557.0,101.1,40.6,Port Louis,0.38,French,50.7,2.53,1265711.0,58.3,19.1,22.2,6.67,515980.0,-20.348404,57.552152,Africa,10.2,4.349,1.41,13.6,74.4,61.0
110,Mexico,66.0,MX,54.6,,336.0,52.0,Mexico City,141.54,3.6,MXN,33.9,0.73,1258286717125.0,105.8,40.2,Mexico City,0.49,Unknown,41.4,2.38,126014024.0,60.7,13.1,55.1,3.42,102626859.0,23.634501,-102.552784,North America,17.6,486.406,2.13,11.0,75.0,33.0
111,Federated States of Micronesia,784.0,FM,31.4,702.0,,691.0,Palikir,112.1,0.5,USD,91.9,,401932279.0,97.2,14.1,Palikir,,English,2.5,0.18,113815.0,,25.2,60.5,,25963.0,7.425554,150.550812,Unknown,22.82,143.0,3.05,25.6,67.8,88.0
112,Moldova,123.0,MD,74.2,33.851,7.0,373.0,Chi����,166.2,4.8,MDL,12.6,0.8,11955435457.0,90.6,39.8,Chi����,0.31,Romanian,46.2,3.21,2657637.0,43.1,17.7,38.7,5.47,1135502.0,47.411631,28.369885,Europe,10.1,5.115,1.26,13.6,71.8,19.0
113,Monaco,26.337,MC,,2.0,,377.0,Monaco City,,,EUR,,2.0,7184844193.0,,,Monaco City,11.72,French,6.1,6.56,38964.0,,,,,38964.0,43.7384176,7.4246158,Europe,5.9,126.3354126626474,1.244,2.6,83.68,5.0
114,Mongolia,2.0,MN,71.5,,18.0,976.0,Ulaanbaatar,195.76,7.3,MNT,8.0,0.72,13852850259.0,104.0,65.6,Ulaanbaatar,0.65,Mongolian,39.3,2.86,3225167.0,59.7,16.8,25.7,6.01,2210626.0,46.862496,103.846656,Asia,24.13,25.368,2.9,14.0,69.7,45.0
115,Montenegro,47.0,ME,19.0,13.812,12.0,382.0,Podgorica,116.32,2.6,EUR,61.5,1.16,5494736901.0,100.0,56.1,Podgorica,1.23,Montenegrin language,31.8,2.76,622137.0,54.4,,22.2,14.88,417765.0,42.708678,19.37439,Europe,11.73,2.017,1.75,2.3,76.8,6.0
116,Morocco,83.0,MA,68.5,446.55,246.0,212.0,Rabat,111.07,0.2,MAD,12.6,0.99,118725279596.0,113.9,35.9,Casablanca,1.6,Arabic,53.1,0.73,36910560.0,45.3,21.9,45.8,9.02,22975026.0,31.791702,-7.09262,Africa,18.94,61.276,2.42,19.2,76.5,70.0
117,Mozambique,40.0,MZ,63.5,799.38,11.0,258.0,Maputo,182.31,2.8,MZN,48.0,0.65,14934159926.0,112.6,7.3,Maputo,0.27,Portuguese,6.8,0.08,30366036.0,78.1,0.0,36.1,3.24,11092106.0,-18.665695,35.529562,Africa,37.52,7.943,4.85,54.0,60.2,289.0
118,Myanmar,83.0,MM,19.5,676.578,513.0,95.0,Naypyidaw,168.18,8.8,MMK,43.6,0.54,76085852617.0,112.3,18.8,Yangon,0.39,Burmese,73.9,0.68,54045420.0,61.7,5.4,31.2,1.58,16674093.0,21.916221,95.955974,Asia,17.55,25.28,2.15,36.8,66.9,250.0
119,Namibia,3.0,Unknown,47.1,824.292,16.0,264.0,Windhoek,157.97,3.7,Unknown,8.3,0.76,12366527719.0,124.2,22.9,Windhoek,,English,8.3,0.42,2494530.0,59.5,27.1,20.7,20.27,1273258.0,-22.95764,18.49041,Africa,28.64,4.228,3.4,29.0,63.4,195.0
120,Nauru,541.0,NR,,21.0,,674.0,Yaren District,,,AUD,,,133000000.0,,,Unknown,,English,,,10084.0,,,,,,-0.522778,166.931503,Oceania,20.21483354705723,125.9266016636291,2.6981382978723403,21.33280423280424,72.27967914438503,160.39226519337018
121,Nepal,203.0,NP,28.7,147.181,112.0,977.0,Kathmandu,188.73,5.6,NPR,25.4,0.91,30641380604.0,142.1,12.4,Kathmandu,0.36,Nepali,60.4,0.75,28608710.0,83.8,20.7,41.8,1.41,5765513.0,28.394857,84.124008,Asia,19.89,9.105,1.92,26.7,70.5,186.0
122,Netherlands,508.0,NL,53.3,41.543,41.0,31.0,Amsterdam,115.91,2.6,Unknown,11.2,1.68,909070395161.0,104.2,85.0,Amsterdam,10.29,Dutch,12.3,3.61,17332850.0,63.6,23.0,41.2,3.2,15924729.0,52.132633,5.291266,Europe,9.7,170.78,1.59,3.3,81.8,5.0
123,New Zealand,18.0,NZ,40.5,268.838,9.0,64.0,Wellington,114.24,1.6,NZD,38.6,1.4,206928765544.0,100.0,82.0,Auckland,11.49,English,12.6,3.59,4841000.0,69.9,29.0,34.6,4.07,4258860.0,-40.900557,174.885971,Oceania,11.98,34.382,1.71,4.7,81.9,9.0
124,Nicaragua,55.0,NI,42.1,130.37,12.0,505.0,Managua,162.74,5.4,NIO,25.9,0.91,12520915291.0,120.6,17.4,Managua,0.54,Spanish,36.0,0.98,6545502.0,66.4,15.6,60.6,6.84,3846137.0,12.865416,-85.207229,North America,20.64,5.592,2.4,15.7,74.3,98.0
125,Niger,19.0,NE,36.1,,10.0,227.0,Niamey,109.32,-2.5,XOF,0.9,0.88,12928145120.0,74.7,4.4,Niamey,0.29,French,52.3,0.04,23310715.0,72.0,11.8,47.2,0.47,3850231.0,17.607789,8.081666,Africa,46.08,2.017,6.91,48.0,62.0,509.0
126,Nigeria,226.0,NG,77.7,923.768,215.0,234.0,Abuja,267.51,11.4,NGN,7.2,0.46,448120428859.0,84.7,10.2,Lagos,0.54,English,72.2,0.38,200963599.0,52.9,1.5,34.8,8.1,102806948.0,9.081999,8.675277,Africa,37.91,120.369,5.39,75.7,54.3,917.0
127,North Korea,214.0,KP,21.8,120.538,,850.0,Pyongyang,,,KPW,40.7,0.58,32100000000.0,112.8,27.0,Pyongyang,,Korean,,3.67,25666161.0,80.4,,,2.74,15947412.0,40.339852,127.510093,Asia,13.89,28.284,1.9,13.7,72.1,89.0
128,North Macedonia,83.0,Unknown,,25.713,,389.0,Skopje,,,MKD,,,10220781069.0,,,Skopje,,Macedonian,35.6,,1836713.0,,,,,,41.608635,21.745275,Europe,20.21483354705723,125.9266016636291,2.6981382978723403,21.33280423280424,72.27967914438503,160.39226519337018
129,Norway,15.0,NO,2.7,323.802,23.0,47.0,Oslo,120.27,2.2,NOK,33.2,1.78,403336363636.0,100.3,82.0,Oslo,,Norwegian,14.3,2.92,5347896.0,63.8,23.9,36.2,3.35,4418218.0,60.472024,8.468946,Europe,10.4,41.023,1.56,2.1,82.8,2.0
130,Oman,16.0,OM,4.6,309.5,47.0,968.0,Muscat,113.53,0.1,OMR,0.0,0.45,76983094928.0,103.4,38.0,Seeb,4.33,Arabic,6.4,2.0,5266535.0,72.4,2.5,27.4,2.67,4250777.0,21.4735329,55.975413,Asia,19.19,63.457,2.89,9.8,77.6,19.0
131,Pakistan,287.0,PK,47.8,796.095,936.0,92.0,Islamabad,182.32,10.6,PKR,1.9,0.79,304400000000.0,94.3,9.0,Karachi,0.69,Urdu,66.5,0.98,216565318.0,52.6,9.2,33.9,4.45,79927762.0,30.375321,69.345116,Asia,28.25,201.15,3.51,57.2,67.1,140.0
132,Palau,39.0,PW,10.9,459.0,,680.0,Ngerulmud,118.17,1.3,USD,87.6,,283994900.0,112.6,54.7,Koror,3.0,English,21.8,1.18,18233.0,,21.3,76.6,,14491.0,7.51498,134.58252,Asia,14.0,224.0,2.21,16.6,69.1,55.6
133,Palestinian National Authority,847.0,Unknown,,,,,Unknown,,,Unknown,,,,,,Unknown,,Arabic,,,,,,,,,31.952162,35.233154,Asia,20.21483354705723,125.9266016636291,2.6981382978723403,21.33280423280424,72.27967914438503,160.39226519337018
134,Panama,58.0,PA,30.4,75.42,26.0,507.0,Panama City,122.07,-0.4,Unknown,61.9,0.74,66800800000.0,94.4,47.8,Panama City,1.53,Spanish,30.5,1.57,4246439.0,66.6,,37.2,3.9,2890084.0,8.537981,-80.782127,North America,18.98,10.715,2.46,13.1,78.3,52.0
135,Papua New Guinea,20.0,PG,2.6,462.84,4.0,675.0,Port Moresby,155.99,3.6,PGK,74.1,1.36,24969611435.0,108.5,1.8,Port Moresby,1.16,Tok Pisin,5.8,0.07,8776109.0,47.2,13.6,37.1,2.46,1162834.0,-6.314993,143.95555,Oceania,27.07,7.536,3.56,38.0,64.3,145.0
136,Paraguay,18.0,PY,55.1,406.752,27.0,595.0,Asunci��,143.82,2.8,PYG,37.7,1.04,38145288940.0,104.4,34.6,Ciudad del Este,1.55,Spanish,36.5,1.35,7044636.0,72.1,10.0,35.0,4.81,4359150.0,-23.442503,-58.443832,South America,20.57,7.407,2.43,17.2,74.1,129.0
137,Peru,26.0,PE,18.5,,158.0,51.0,Lima,129.78,2.1,PEN,57.7,0.99,226848050820.0,106.9,70.7,Lima,1.28,Spanish,30.9,1.27,32510453.0,77.6,14.3,36.8,3.31,25390339.0,-9.189967,-75.015152,South America,17.95,57.414,2.25,11.1,76.5,88.0
138,Philippines,368.0,PH,41.7,300.0,153.0,63.0,Manila,129.61,2.5,PHP,27.8,0.86,376795508680.0,107.5,35.5,Manila,1.12,English,53.5,0.6,108116615.0,59.6,14.0,43.1,2.15,50975903.0,12.879721,121.774017,Asia,20.55,122.287,2.58,22.5,71.1,121.0
139,Poland,124.0,PL,46.9,312.685,191.0,48.0,Warsaw,114.11,2.2,PLN,30.9,1.07,592164400688.0,100.0,67.8,Warsaw,2.93,Polish,23.2,2.38,37970874.0,56.7,17.4,40.8,3.47,22796574.0,51.919438,19.145136,Europe,10.2,299.037,1.46,3.8,77.6,2.0
140,Portugal,111.0,PT,39.5,92.212,52.0,351.0,Lisbon,110.62,0.3,EUR,34.6,1.54,237686075635.0,106.2,63.9,Lisbon,3.78,Portuguese,27.7,5.12,10269417.0,58.8,22.8,39.8,6.33,6753579.0,39.399872,-8.224454,Europe,8.5,48.742,1.38,3.1,81.3,8.0
141,Qatar,248.0,QA,5.8,11.586,22.0,974.0,Doha,115.38,-0.7,QAR,0.0,0.4,183466208791.0,103.8,17.9,Doha,,Arabic,6.2,2.49,2832067.0,86.8,14.7,11.3,0.09,2809071.0,25.354826,51.183884,Asia,9.54,103.259,1.87,5.8,80.1,9.0
142,Romania,84.0,RO,58.8,238.391,126.0,40.0,Bucharest,123.78,3.8,RON,30.1,1.16,250077444017.0,85.2,49.4,Bucharest,2.25,Romanian,21.3,2.98,19356544.0,54.7,14.6,20.0,3.98,10468793.0,45.943161,24.96676,Europe,9.6,69.259,1.71,6.1,75.4,19.0
143,Russia,9.0,RU,13.3,,,7.0,Moscow,180.75,4.5,RUB,49.8,0.59,1699876578871.0,102.6,81.9,Moscow,0.53,Russian,36.4,4.01,144373535.0,61.8,11.4,46.2,4.59,107683889.0,61.52401,105.318756,Europe,11.5,126.21325755599908,1.57,6.1,72.7,17.0
144,Rwanda,525.0,RW,73.4,26.338,35.0,250.0,Kigali,151.09,3.4,RWF,19.7,1.17,10122472590.0,133.0,6.7,Kigali,,Swahili,26.0,0.13,12626950.0,83.7,14.3,33.2,1.03,2186104.0,-1.940278,29.873888,Africa,31.7,1.115,4.04,27.0,68.7,248.0
145,Saint Kitts and Nevis,205.0,KN,23.1,261.0,,1.0,Basseterre,104.57,-1.0,XCD,42.3,,1050992593.0,108.7,86.7,Basseterre,3.33,English,56.6,2.52,52823.0,,18.5,49.7,,16269.0,17.357822,-62.782998,Africa,12.6,238.0,2.11,9.8,71.3,20.8
146,Saint Lucia,301.0,LC,17.4,616.0,,1.0,Castries,110.13,1.9,XCD,33.2,1.3,2122450630.0,102.6,14.1,Castries,,English,48.4,0.64,182790.0,67.1,18.2,34.7,20.71,34280.0,13.909444,-60.978893,Africa,12.0,414.0,1.44,14.9,76.1,117.0
147,Saint Vincent and the Grenadines,284.0,VC,25.6,389.0,,1.0,Kingstown,109.67,2.3,XCD,69.2,,825385185.0,113.4,23.7,Calliaqua,1.16,English,21.4,0.66,100455.0,65.9,25.4,37.0,18.88,58185.0,12.984305,-61.287228,Africa,14.24,220.0,1.89,14.8,72.4,68.0
148,Samoa,70.0,WS,12.4,2.831,,685.0,Apia,117.56,1.0,WST,60.4,0.91,850655017.0,110.5,7.6,Apia,0.78,Samoan,11.5,0.34,202506.0,43.7,25.5,19.3,8.36,35588.0,-13.759029,-172.104629,Oceania,24.38,246.0,3.88,13.6,73.2,43.0
149,San Marino,566.0,SM,16.7,61.0,,378.0,City of San Marino,110.63,1.0,EUR,0.0,,1637931034.0,108.1,42.5,City of San Marino,,Italian,18.3,6.11,33860.0,,18.1,36.2,,32969.0,43.94236,12.457777,Europe,6.8,126.3887908598785,1.26,1.7,85.4,6.0
150,S�����������,228.0,ST,50.7,964.0,1.0,239.0,S����,185.09,7.9,STN,55.8,,429016605.0,106.8,13.4,S����,,Unknown,11.7,0.05,215056.0,57.8,14.6,37.0,13.37,158277.0,Unknown,Unknown,Unknown,31.54,121.0,4.32,24.4,70.2,130.0
151,Saudi Arabia,16.0,SA,80.8,,252.0,966.0,Riyadh,118.4,-1.2,SAR,0.5,0.24,792966838162.0,99.8,68.0,Riyadh,3.85,Arabic,15.0,2.61,34268528.0,55.9,8.9,15.7,5.93,28807838.0,23.885942,45.079162,Asia,17.8,563.449,2.32,6.0,75.0,17.0
152,Senegal,87.0,SN,46.1,196.722,19.0,221.0,Dakar,109.25,1.8,XOF,42.8,1.14,23578084052.0,81.0,12.8,Pikine,0.31,French,44.2,0.07,16296364.0,45.7,16.3,44.8,6.6,7765706.0,14.497401,-14.452362,Unknown,34.52,10.902,4.63,31.8,67.7,315.0
153,Serbia,100.0,RS,39.3,77.474,32.0,381.0,Belgrade,144.0,1.8,RSD,31.1,1.16,51409167351.0,100.3,67.2,Belgrade,1.57,Serbian,40.6,3.11,6944975.0,54.9,18.6,36.6,12.69,3907243.0,44.016521,21.005859,Europe,9.2,45.221,1.49,4.8,75.5,12.0
154,Seychelles,214.0,SC,3.4,455.0,0.0,248.0,"Victoria, Seychelles",129.96,1.8,SCR,88.4,,1698843063.0,100.4,17.1,"Victoria, Seychelles",2.0,French,2.5,0.95,97625.0,,34.1,30.1,,55762.0,-4.679574,55.491977,Africa,17.1,605.0,2.41,12.4,72.8,53.0
155,Sierra Leone,111.0,SL,54.7,71.74,9.0,232.0,Freetown,234.16,14.8,SLL,43.1,1.08,3941474311.0,112.8,2.0,Freetown,0.57,English,38.2,0.03,7813215.0,57.9,8.6,30.7,4.43,3319366.0,8.460555,-11.779889,Africa,33.41,1.093,4.26,78.5,54.3,1120.0
156,Singapore,8.358,SG,0.9,716.0,81.0,65.0,Unknown,114.41,0.6,SGD,23.1,1.25,372062527489.0,100.6,84.8,Unknown,,Malay,36.7,2.29,5703569.0,70.5,13.1,21.0,4.11,5703569.0,1.352083,103.819836,Asia,8.8,37.535,1.14,2.3,83.1,8.0
157,Slovakia,114.0,SK,39.2,49.035,16.0,421.0,Bratislava,115.34,2.7,EUR,40.4,1.32,105422304976.0,98.7,46.6,Bratislava,3.11,Slovak,18.4,3.42,5454073.0,59.5,18.7,49.7,5.56,2930419.0,48.669026,19.699024,Europe,10.6,32.424,1.52,4.6,77.2,5.0
158,Slovenia,103.0,SI,30.7,20.273,7.0,386.0,Ljubljana,111.05,1.6,EUR,62.0,1.32,53742159517.0,100.4,78.6,Ljubljana,5.25,Slovene language,12.5,3.09,2087946.0,58.4,18.6,31.0,4.2,1144654.0,46.151241,14.995463,Europe,9.4,12.633,1.6,1.7,81.0,7.0
159,Solomon Islands,25.0,SB,3.9,28.896,,677.0,Honiara,133.06,1.6,SBD,77.9,,1425074226.0,106.2,,Honiara,0.4,English,3.3,0.19,669823.0,83.8,29.5,32.0,0.58,162164.0,-9.64571,160.156194,Oceania,32.44,169.0,4.4,17.1,72.8,104.0
160,Somalia,25.0,SO,70.3,637.657,20.0,252.0,Mogadishu,,,SOS,10.0,1.41,4720727278.0,23.4,2.5,Bosaso,,Arabic,,0.02,15442905.0,47.4,0.0,,11.35,7034861.0,5.152149,46.199616,Africa,41.75,645.0,6.07,76.6,57.1,829.0
161,South Africa,49.0,ZA,79.8,,80.0,27.0,Pretoria,158.93,4.1,ZAR,7.6,0.92,351431649241.0,100.9,22.4,Johannesburg,,Afrikaans,7.7,0.91,58558270.0,56.0,27.5,29.2,28.18,39149717.0,-30.559482,22.937506,Africa,20.51,476.644,2.41,28.5,63.9,119.0
162,South Korea,527.0,KR,17.4,99.72,634.0,82.0,Seoul,115.16,0.4,KRW,63.4,1.22,2029000000000.0,98.1,94.3,Seoul,6.49,Korean,36.8,2.36,51709098.0,63.0,15.6,33.2,4.15,42106719.0,35.907757,127.766922,Asia,6.4,620.302,0.98,2.7,82.6,11.0
163,South Sudan,18.0,SS,,644.329,185.0,211.0,Juba,,187.9,SSP,,0.28,11997800751.0,73.0,,Juba,,English,61.3,,11062113.0,72.4,,31.4,12.24,2201250.0,6.8769919,31.3069788,Africa,35.01,1.727,4.7,63.7,57.6,1150.0
164,Spain,94.0,ES,52.6,505.37,196.0,34.0,Madrid,110.96,0.7,EUR,36.9,1.26,1394116310769.0,102.7,88.9,Madrid,5.6,Spanish,24.2,3.87,47076781.0,57.5,14.2,47.0,13.96,37927409.0,40.463667,-3.74922,Europe,7.9,244.002,1.26,2.5,83.3,4.0
165,Sri Lanka,341.0,LK,43.7,65.61,317.0,94.0,Colombo,155.53,3.5,LKR,32.9,0.88,84008783756.0,100.2,19.6,Colombo,0.35,Tamil,38.4,1.0,21803000.0,53.9,11.9,55.2,4.2,4052088.0,7.873054,80.771797,Asia,15.83,23.362,2.2,6.4,76.8,36.0
166,Sudan,25.0,SD,28.7,,124.0,249.0,Khartoum,,51.0,SDG,8.1,0.95,18902284476.0,76.8,16.9,Omdurman,0.41,Arabic,63.2,0.26,42813238.0,48.4,8.0,45.4,16.53,14957233.0,12.862807,30.217636,Africa,32.18,20.0,4.41,42.1,65.1,295.0
167,Suriname,4.0,SR,0.6,163.82,2.0,597.0,Paramaribo,294.66,22.0,SRD,98.3,1.29,3985250737.0,108.8,12.6,Paramaribo,,Dutch,10.1,1.21,581372.0,51.1,19.5,27.9,7.33,384258.0,3.919305,-56.027783,South America,18.54,1.738,2.42,16.9,71.6,120.0
168,Sweden,25.0,SE,7.4,450.295,30.0,46.0,Stockholm,110.51,1.8,SEK,68.9,1.42,530832908738.0,126.6,67.0,S�����,,Swedish,15.2,3.98,10285453.0,64.6,27.9,49.1,6.48,9021165.0,60.128161,18.643501,Europe,11.4,43.252,1.76,2.2,82.5,4.0
169,Switzerland,219.0,CH,38.4,41.277,21.0,41.0,Bern,99.55,0.4,CHF,31.8,1.45,703082435360.0,105.2,59.6,Z���,,German,28.3,4.3,8574832.0,68.3,10.1,28.8,4.58,6332428.0,46.818188,8.227512,Europe,10.0,34.477,1.52,3.7,83.6,5.0
170,Syria,95.0,SY,75.8,185.18,239.0,963.0,Damascus,143.2,36.7,SYP,2.7,0.83,40405006007.0,81.7,40.1,Damascus,1.02,Arabic,53.7,1.22,17070135.0,44.1,14.2,42.7,8.37,9358019.0,34.802075,38.996815,Asia,23.69,28.83,2.81,14.0,71.8,31.0
171,Tajikistan,68.0,TJ,34.1,144.1,17.0,992.0,Dushanbe,148.57,6.0,TJS,3.0,0.71,8116626794.0,100.9,31.3,Dushanbe,0.23,Persian,63.1,1.7,9321018.0,42.0,9.8,67.3,11.02,2545477.0,38.861034,71.276093,Asia,30.76,5.31,3.59,30.4,70.9,17.0
172,Tanzania,67.0,TZ,44.8,947.3,28.0,255.0,Dodoma,187.43,3.5,TZS,51.6,0.87,63177068175.0,94.2,4.0,Dar es Salaam,0.09,Swahili,26.1,0.01,58005463.0,83.4,11.5,43.8,1.98,20011885.0,-6.369028,34.888822,Africa,36.7,11.973,4.89,37.6,65.0,524.0
173,Thailand,137.0,TH,43.3,513.12,455.0,66.0,Bangkok,113.27,0.7,THB,32.2,0.71,543649976166.0,99.8,49.3,Bangkok,1.06,Thai,11.8,0.81,69625582.0,67.3,14.9,29.5,0.75,35294600.0,15.870032,100.992541,Asia,10.34,283.763,1.53,7.8,76.9,37.0
174,East Timor,89.0,TL,25.6,14.874,2.0,670.0,Dili,145.38,2.6,USD,45.4,1.1,1673540300.0,115.3,17.8,Dili,0.6,Portuguese,10.2,0.72,3500000.0,67.3,25.0,17.3,4.55,400182.0,-8.874217,125.727539,Asia,29.42,495.0,4.02,39.3,69.3,142.0
175,Togo,152.0,TG,70.2,56.785,10.0,228.0,Lom�,113.3,0.7,XOF,3.1,0.71,5459979417.0,123.8,14.5,Lom�,0.34,French,51.0,0.08,8082366.0,77.6,16.9,48.2,2.04,3414638.0,8.619543,0.824782,Africa,33.11,3.0,4.32,47.4,60.8,396.0
176,Tonga,147.0,TO,45.8,747.0,,676.0,Nuku����,121.09,7.4,TOP,12.5,,450353314.0,116.3,6.4,Nuku����,,Tongan Language,10.2,0.52,100209.0,59.8,22.3,27.5,1.12,24145.0,-21.178986,-175.198242,Oceania,24.3,128.0,3.56,13.4,70.8,52.0
177,Trinidad and Tobago,273.0,TT,10.5,5.128,4.0,1.0,Port of Spain,141.75,1.0,TTD,46.0,0.54,24100202834.0,106.2,12.0,Chaguanas,2.25,English,37.3,4.17,1394973.0,60.0,19.5,40.5,2.69,741944.0,10.691803,-61.222503,North America,12.94,43.868,1.73,16.4,73.4,67.0
178,Tunisia,76.0,TN,64.8,163.61,48.0,216.0,Tunis,155.33,6.7,TND,6.8,0.73,38797709924.0,115.4,31.7,Tunis,0.47,Arabic,39.8,1.3,11694719.0,46.1,21.1,60.7,16.02,8099061.0,33.886917,9.537499,Africa,17.56,29.937,2.2,14.6,76.5,43.0
179,Turkey,110.0,TR,49.8,783.562,512.0,90.0,Ankara,234.44,15.2,TRY,15.4,1.42,754411708203.0,93.2,23.9,Istanbul,3.45,Turkish,16.9,1.85,83429615.0,52.8,17.9,42.3,13.49,63097818.0,38.963745,35.243322,Asia,16.03,372.725,2.07,9.1,77.4,17.0
180,Turkmenistan,13.0,TM,72.0,488.1,42.0,993.0,Ashgabat,,,TMT,8.8,0.29,40761142857.0,88.4,8.0,Ashgabat,0.88,Turkmen,71.1,2.22,5942089.0,64.5,,,3.91,3092738.0,38.969719,59.556278,Asia,23.83,70.63,2.79,39.3,68.1,7.0
181,Tuvalu,393.0,TV,60.0,26.0,,688.0,Funafuti,,,AUD,33.3,,47271463.0,86.0,,Singapore,,Tuvaluan Language,0.7,0.92,11646.0,,,,,7362.0,-7.109535,177.64933,Oceania,20.188373940864704,11.0,2.7120000000000006,20.6,72.85999999999999,101.8
182,Uganda,229.0,UG,71.9,241.038,46.0,256.0,Kampala,173.87,2.9,UGX,9.7,0.94,34387229486.0,102.7,4.8,Buganda,0.01,Swahili,40.5,0.17,44269594.0,70.3,11.7,33.7,1.84,10784516.0,1.373333,32.290275,Africa,38.14,5.68,4.96,33.8,63.0,375.0
183,Ukraine,75.0,UA,71.7,603.55,297.0,380.0,Kyiv,281.66,7.9,UAH,16.7,0.83,153781069118.0,99.0,82.7,Kyiv,0.84,Ukrainian,47.8,2.99,44385155.0,54.2,20.1,45.2,8.88,30835699.0,48.379433,31.16558,Europe,8.7,202.25,1.3,7.5,71.6,19.0
184,United Arab Emirates,118.0,AE,5.5,83.6,63.0,971.0,Abu Dhabi,114.52,-1.9,AED,4.6,0.49,421142267938.0,108.4,36.8,Dubai,,Arabic,17.8,2.53,9770529.0,82.1,0.1,15.9,2.35,8479744.0,23.424076,53.847818,Asia,10.33,206.324,1.41,6.5,77.8,3.0
185,United Kingdom,281.0,GB,71.7,243.61,148.0,44.0,London,119.62,1.7,GBP,13.1,1.46,2827113184696.0,101.2,60.0,London,10.13,English,14.8,2.81,66834405.0,62.8,25.5,30.6,3.85,55908316.0,55.378051,-3.435973,Europe,11.0,379.025,1.68,3.6,81.3,7.0
186,United States,36.0,US,44.4,,,1.0,"Washington, D.C.",117.24,7.5,USD,33.9,0.71,21427700000000.0,101.8,88.2,New York City,7.25,Unknown,11.1,2.61,328239523.0,62.0,9.6,36.6,14.7,270663028.0,37.09024,-95.712891,North America,11.6,126.2098914867319,1.73,5.6,78.5,19.0
187,Uruguay,20.0,UY,82.6,176.215,22.0,598.0,Montevideo,202.92,7.9,UYU,10.7,1.5,56045912952.0,108.5,63.1,Montevideo,1.66,Spanish,16.2,5.05,3461734.0,64.0,20.1,41.8,8.73,3303394.0,-32.522779,-55.765835,South America,13.86,6.766,1.97,6.4,77.8,17.0
188,Uzbekistan,79.0,UZ,62.9,447.4,68.0,998.0,Tashkent,,,UZS,7.5,1.03,57921286440.0,104.2,10.1,Tashkent,0.24,Uzbek,42.7,2.37,33580650.0,65.1,14.8,31.6,5.92,16935729.0,41.377491,64.585262,Asia,23.3,91.811,2.42,19.1,71.6,29.0
189,Vanuatu,25.0,VU,15.3,12.189,,678.0,Port Vila,117.13,2.8,VUV,36.1,1.31,917058851.0,109.3,4.7,Port Vila,1.56,French,8.9,0.17,299882.0,69.9,17.8,8.5,4.39,76152.0,-15.376706,166.959158,Oceania,29.6,147.0,3.78,22.3,70.3,72.0
190,Venezuela,32.0,VE,24.5,912.05,343.0,58.0,Caracas,,254.9,VED,52.7,0.0,482359318768.0,97.2,79.3,Caracas,0.01,Spanish,45.8,1.92,28515829.0,59.7,,73.3,8.8,25162368.0,6.42375,-66.58973,South America,17.88,164.175,2.27,21.4,72.1,125.0
191,Vietnam,314.0,VN,39.3,331.21,522.0,84.0,Hanoi,163.52,2.8,VND,48.1,0.8,261921244843.0,110.6,28.5,Ho Chi Minh City,0.73,Vietnamese,43.5,0.82,96462106.0,77.4,19.1,37.6,2.01,35332140.0,14.058324,108.277199,Asia,16.75,192.668,2.05,16.5,75.3,43.0
192,Yemen,56.0,YE,44.6,527.968,40.0,967.0,Sanaa,157.58,8.1,YER,1.0,0.92,26914402224.0,93.6,10.2,Sanaa,,Arabic,81.0,0.31,29161922.0,38.0,,26.6,12.91,10869523.0,15.552727,48.516388,Asia,30.45,10.609,3.79,42.9,66.1,164.0
193,Zambia,25.0,ZM,32.1,752.618,16.0,260.0,Lusaka,212.31,9.2,ZMW,65.2,1.4,23064722446.0,98.7,4.1,Lusaka,0.24,English,27.5,1.19,17861030.0,74.6,16.2,15.6,11.43,7871713.0,-13.133897,27.849332,Africa,36.19,5.141,4.63,40.4,63.5,213.0
194,Zimbabwe,38.0,ZW,41.9,390.757,51.0,263.0,Harare,105.51,0.9,Unknown,35.5,1.34,21440758800.0,109.9,10.0,Harare,,Shona,25.8,0.21,14645468.0,83.1,20.7,31.6,4.95,4717305.0,-19.015438,29.154857,Africa,30.68,10.983,3.62,33.9,61.2,458.0
